조직(트리),Data_0,Data_1,Data_2
행정팀,행정팀,"지역미래불자육성장학, 불교동아리 예산, 동아리시스템, 서무",02-2260-3546
행정팀,행정팀,"불교계장학 운영, 불교동아리 소식 관리",02-2260-8629
행정팀,행정팀,신행마일리지 운영,02-2260-8630
정각원 행정팀,정각원 행정팀,"건학이념수행평가 관리, 법회 및 신행프로그램 운영, 장학 업무 등",02-2260-3016
정각원 행정팀,정각원 행정팀,"예산, 연등 · 인등, 법회 지원",02-2260-3017
정각원 행정팀,정각원 행정팀,"불청장학 관리, 결계·포살, 법회·행사 지원, 홍보물 제작 및 관리, 신도증 발급, 종비생수행관 지원 등",02-2260-3019
비서팀,비서팀,비서팀 업무총괄,02-2260-8804
비서팀,비서팀,부총장 교·내외 일정관리 및 의전,02-2260-3013
비서팀,비서팀,총장 교·내외 일정관리 및 의전,02-2260-8805
비서팀,비서팀,총장 교·내외 일정관리 및 의전,02-2260-3011
비서팀,비서팀,총장 교·내외 일정관리 및 의전,02-2260-3012
비서팀,비서팀,부총장 교·내외 일정관리 및 의전,02-2260-3014
대외협력실,대외협력실,"발전기금 기획, 계획기부, 기부/감사 행사",02-2260-3792
대외협력실,대외협력실,"기부자 예우, 홍보, 성과평가 기부금 실적처리 등",02-2260-3795
대외협력실,대외협력실,"모금기획, 동문관리",02-2260-3794
대외협력실,대외협력실,"기금 관리, 현물 기부 접수, 기부자 연말정산, 기부금 결산",02-2260-8991
대외협력실,대외협력실,"기부금접수, 기부금영수증, CMS, 주간동국소식",02-2260-8992
대외협력실,대외협력실,"기부금 접수, 기부 예우 지원, 발전기금 홈페이지 관리, 기부자 특별 열람증 발급, 발전기금 모금 지원",02-2260-8993
홍보실,홍보실,"사진/영상자료 관리, UI 관리",02-2260-3027
홍보실,홍보실,언론홍보 및 광고,02-2260-3026
홍보실,홍보실,"보도 및 홍보자료 작성 배포, 홍보대사 동감 운영(캠퍼스투어 등), 학교 공식 SNS 관리",02-2260-3025
홍보실,홍보실,홈페이지 관리,02-2260-3022
홍보실,홍보실,"SNS 채널 관리, 홍보영상 콘텐츠 제작",02-2260-3023
기념사업 추진팀,기념사업 추진팀,건학120주년기념사업,02-2290-1436
기념사업 추진팀,기념사업 추진팀,"모금기획, 동문관리",02-2260-3794
기념사업 추진팀,기념사업 추진팀,건학120주년기념사업,02-2290-1435
기념사업 추진팀,기념사업 추진팀,동국대학교 120년사 편찬,
미래캠퍼스추진팀,미래캠퍼스추진팀,미래캠퍼스추진팀 업무총괄 / 신규사업 기획,02-2260-4923
미래캠퍼스추진팀,미래캠퍼스추진팀,캠퍼스 마스터플랜 및 캠퍼스 개발 기본계획 수립 / 대학세부시설조성계획 변경 / 내부위원회 운영,02-2260-4958
대학혁신지원사업단,대학혁신지원사업단,강의 촬영 및 편집 / 이러닝 개발,02-2260-8814
대학혁신지원사업단,대학혁신지원사업단,강의 촬영 및 편집 / 이러닝 개발,02-2260-8906
대학혁신지원사업단,대학혁신지원사업단,학습지원부 업무 지원,02-2260-8813
대학혁신지원사업단,대학혁신지원사업단,MOOC/ Metavercity,02-2260-8824
대학혁신지원사업단,대학혁신지원사업단,"연구데이터관리, 연구데이터분석지원",02-2260-3453
대학혁신지원사업단,대학혁신지원사업단,"연구데이터분석지원, 연구데이터관리",02-2260-3737
대학혁신지원사업단,대학혁신지원사업단,취업상담,02-2260-4950
대학혁신지원사업단,대학혁신지원사업단,대학혁신지원사업 관리,02-2260-3321
대학혁신지원사업단,대학혁신지원사업단,취업상담,02-2260-4957
대학혁신지원사업단,대학혁신지원사업단,"SW융합지원센터 대학혁신지원사업, SW기초교양, 나노디그리, 벤처스타트업아카데미",02-2290-1410
대학혁신지원사업단,대학혁신지원사업단,기술이전 기술마케팅,0222603874
대학혁신지원사업단,대학혁신지원사업단,"창업비교과, 창업동아리",02-2260-4991
대학혁신지원사업단,대학혁신지원사업단,학습지원,02-2260-8810
대학혁신지원사업단,대학혁신지원사업단,MOOC 개발,02-2260-8825
혁신사업팀,혁신사업팀,기획예산실 실무 총괄,02-2260-3061
혁신사업팀,혁신사업팀,"발전계획, 조직/사무분장, 사업계획 분석/조정, 대학혁신지원사업 기획",02-2260-3063
혁신사업팀,혁신사업팀,"특성화, 단기프로젝트, 제도개선 / 대학혁신지원사업 기획",02-2260-3064
혁신사업팀,혁신사업팀,재정지원사업 관리,02-2260-3306
혁신사업팀,혁신사업팀,대학혁신지원사업 관리,02-2260-3321
IR성과분석팀,IR성과분석팀,"성과평가, 대외평가, 감사",02-2260-3066
스타트업센터,스타트업센터,캠퍼스타운 프로그램 운영,02-2279-7827
스타트업센터,스타트업센터,캠퍼스타운 프로그램 기획,02-2279-7883
스타트업센터,스타트업센터,캠퍼스타운 프로그램 운영,02-2279-7885
거점조성센터,거점조성센터,업무총괄,02-2260-3876
거점조성센터,거점조성센터,캠퍼스타운사업 예산집행,02-2279-7882
기획예산실,기획예산실,기획예산실 실무 총괄,02-2260-3061
기획예산실,기획예산실,"발전계획, 조직/사무분장, 사업계획 분석/조정, 대학혁신지원사업 기획",02-2260-3063
기획예산실,기획예산실,예산 편성 및 분석,02-2260-3304
기획예산실,기획예산실,"특성화, 단기프로젝트, 제도개선 / 대학혁신지원사업 기획",02-2260-3064
기획예산실,기획예산실,예산 통제 및 조정,02-2260-3305
기획예산실,기획예산실,"규정, 운영정원 등",02-2260-3065
기획예산실,기획예산실,재정지원사업 관리,02-2260-3306
기획예산실,기획예산실,"발전계획 관리, MOU, 구성원 의견 수렴",02-2260-3062
평가감사실,평가감사실,"성과평가, 대외평가, 감사",02-2260-3066
평가감사실,평가감사실,"성과평가(교원), QS세계대학평가, 교육/연구/산학 성과지표 관리, 법인감사, 소송관리, 입시공정관리대책위원회",02-2260-3067
평가감사실,평가감사실,"대학정보공시, 대학기관평가인증, 교육수요자 만족도 조사, 평판도 및 졸업생 역량평가",02-2260-3068
평가감사실,평가감사실,"공사 및 용역 검수, 청탁금지법, 학생모니터링단, 민원(고충)처리 제보 제도",02-2260-3069
총무인사팀,총무인사팀,총무팀업무총괄,02-2260-3071
총무인사팀,총무인사팀,직원인사,02-2260-3072
총무인사팀,총무인사팀,"직원인사(미화직), 직원교육, 단체보험",02-2260-3073
총무인사팀,총무인사팀,"직원 급여, 한시계약직 인사",02-2260-3615
총무인사팀,총무인사팀,"연금, 보험",02-2260-3074
총무인사팀,총무인사팀,"노동조합지원업무, 직원휴게시설관리",02-2260-8689
총무인사팀,총무인사팀,"문서수발, 직인/인증서, 제증명, 경조사",02-2260-3614
총무인사팀2,총무인사팀2,남산학사 충무학사,02-2260-4928
총무인사팀2,총무인사팀2,불교학술원 행정팀 업무 총괄,02-6713-5145
총무인사팀2,총무인사팀2,경영대학ㆍ경영전문대학원(MBA) / 국제정보보호대학원 학사업무 총괄 관리,02-2260-8883
재무팀,재무팀,업무총괄,02-2260-3082
재무팀,재무팀,결산,02-2260-3084
재무팀,재무팀,"결산, 자금",02-2260-3084
재무팀,재무팀,"세무, 연말정산",02-2260-3083
재무팀,재무팀,학부 및 대학원 등록,02-2260-3086
재무팀,재무팀,"법인카드, 지출증빙, 출납",02-2260-3085
구매관재팀,구매관재팀,"공사, 용역(기획), 임대차",02-2260-3090
구매관재팀,구매관재팀,"교비회계 자산 관리, 교비(기금)회계 물품 구매 계약, 임대차(부동산) 구매 계약",02-2260-3075
구매관재팀,구매관재팀,"국고(혁신사업 등) 물품구매 계약, 용역 계약, 인쇄, 불용품 매각 계약, 구매 교육",02-2260-3091
구매관재팀,구매관재팀,산학회계 물품 및 용역 계약,02-2260-3092
구매관재팀,구매관재팀,산학자산 관리 및 일반행정,02-2260-3077
관리처,관리처,관리처 업무총괄,02-2260-8561
시설안전팀,시설안전팀,업무총괄,02-2260-8562
시설안전팀,시설안전팀,"서울캠퍼스 공간관리 / 로터스관 신축공사(기계,소방 분야)",02-2260-8563
시설안전팀,시설안전팀,중소형 건축공사 / 영선 / 이공계 신임교원 인프라 지원(실험실) - 건축 / 시설물 안전 / 교육시설 안전 인증 / 서무,02-2260-8568
시설안전팀,시설안전팀,기계,02-2260-8571
시설안전팀,시설안전팀,건축공사/시설물안전관리/석면관리,02-2260-8567
시설안전팀,시설안전팀,전기/소방/승강기/사인물,02-2260-8564
시설안전팀,시설안전팀,연구실 안전 / 산업안전,02-2260-8569
시설안전팀2,시설안전팀2,영선(건축)-민원업무,02-2260-3548
시설안전팀2,시설안전팀2,전력설비 운영관리/교내 전기 민원 처리업무,02.2260.3541
시설안전팀2,시설안전팀2,교내 기계설비민원(화장실 위생배관/냉난방/보일러/소방기계)대응/설비유지관리,02-2260-3542
시설안전팀2,시설안전팀2,전력설비 운영관리/교내전기 민원처리 업무,02-2260-3541
시설안전팀2,시설안전팀2,교내 기계설비민원(화장실 위생배관 / 냉난방 /보일러 / 소방기계)대응 / 설비유지관리,02-2260-3542
시설안전팀2,시설안전팀2,교내 기계설비민원 (화장실위생배관 / 냉난방 / 보일러 / 소방기계) 대응 / 설비유지관리,02-2260-3542
시설안전팀2,시설안전팀2,교내 기계설비민원(화장실 위생배관 / 냉난방 / 보일러 / 소방기계)대응 / 설비유지관리,02-2260-3542
시설안전팀2,시설안전팀2,전력설비 운영관리 / 교내 전기 민원 처리 업무,02-2260-3541
시설안전팀2,시설안전팀2,영선(건축)민원처리,02-2260-3548
시설안전팀2,시설안전팀2,기계설비 운영관리/교내 기계 민원처리 업무,02-2260-3542
시설안전팀2,시설안전팀2,전력설비 운영관리/교내 전기 민원 처리 업무,02-2260-3541
시설안전팀2,시설안전팀2,"민원처리, 시설물 유지보수",02-2260-3541
시설안전팀2,시설안전팀2,전력설비운영관리 / 교내 전기 민원처리 업무,02-2260-3541
시설안전팀2,시설안전팀2,교내 기계설비민원(화장실 위생배관/ 냉난방/ 보일러/ 소방기계)대응/ 설비유지관리,02-2260-3542
시설안전팀2,시설안전팀2,영선(건축) 민원처리,02-2260-3548
캠퍼스관리팀,캠퍼스관리팀,업무촐괄,02-2260-3652
캠퍼스관리팀,캠퍼스관리팀,"주차, 경비, 차량, 미화업무 등",02-2260-3653
캠퍼스관리팀,캠퍼스관리팀,"부동산, 임대매장, 대관, 휴양시설",02-2260-3654
캠퍼스관리팀,캠퍼스관리팀,교내 영상음향장비 관리 근로 업무(교내 이사 및 행사 지원),02-2260-3080
캠퍼스관리팀,캠퍼스관리팀,이해랑예술극장 / 강의실 영상음향 장비 관리지원,02-2260-3655
캠퍼스관리팀,캠퍼스관리팀,조경관리,02-2260-3076
캠퍼스관리팀2,캠퍼스관리팀2,"조경,근로(행사)",02-2260-3548
캠퍼스관리팀2,캠퍼스관리팀2,박물관 안내,박물관 02-2260-3574
캠퍼스관리팀2,캠퍼스관리팀2,"SECOM 공사, 출입권한",02-2260-3559
로터스관건설팀,로터스관건설팀,로터스관 신축사업추진,02-2260-8565
로터스관건설팀,로터스관건설팀,"서울캠퍼스 공간관리 / 로터스관 신축공사(기계,소방 분야)",02-2260-8563
로터스관건설팀,로터스관건설팀,로터스관 신축공사(전기분야 등),02-2260-8576
로터스관건설팀,로터스관건설팀,건축,02-2260-8566
정보인프라팀,정보인프라팀,업무총괄,02-2260-3902
정보인프라팀,정보인프라팀,"서버, 네트워크, 정보시스템 어플리케이션",3903
정보운영팀,정보운영팀,"대학정보화기획, 개인정보보호담당",02-2260-3907
정보운영팀,정보운영팀,학부학사,02-2260-3912
정보운영팀,정보운영팀,"예산, 회계, 구매, 학부입시",02-2260-3910
정보운영팀,정보운영팀,"과제관리, 지식재산권, 교내연구비, 교수업적평가",02-2260-3913
정보운영팀,정보운영팀,"[일반행정: 자산, 시설, 대관신청, 정각원, 기획, 발전기금] [학부학사: 국제교류, 학생, 취업, 교수학습, 사회봉사, 병무, 상담] 포털, [산단행정: 자산]",02-2260-3911
정보운영팀,정보운영팀,"부속행정, 이클래스",02-2260-3914
정보운영팀,정보운영팀,"대학원, 장학, 현장실습",02-2260-3904
디지털혁신팀,디지털혁신팀,"대학정보화기획, 개인정보보호담당",02-2260-3907
디지털혁신팀,디지털혁신팀,"예산, 회계, 구매, 학부입시",02-2260-3910
디지털혁신팀,디지털혁신팀,"과제관리, 지식재산권, 교내연구비, 교수업적평가",02-2260-3913
글로벌교류팀,글로벌교류팀,"일본교류, 국제화 기획",02-2260-3463
글로벌교류팀,글로벌교류팀,"영어권 교환학생 파견(Outbound), GKS 우수교환학생",02-2260-3464
글로벌교류팀,글로벌교류팀,"협정 및 의전, Dongguk International Summer School 기획 및 운영",02-2260-3465
글로벌교류팀,글로벌교류팀,"영어권 교환학생 초청(Inbound), 영어권(미주/중남미) 협정, 글로벌현장실습, Faculty Led, 영문홈페이지",02-2260-3483
글로벌교류팀,글로벌교류팀,"중화권 교환학생 파견 및 초청(In&Outbound), 중화권 협정, Chinese Summer School 기획 및 운영",02-2260-3466
글로벌학생팀,글로벌학생팀,학부 외국인 입학,02-2260-3439
글로벌학생팀,글로벌학생팀,일반대학원 외국인 입학,02-2260-3438
글로벌학생팀,글로벌학생팀,학부 외국인 입학,02-2260-3892
글로벌학생팀,글로벌학생팀,정부초청장학생,02-2260-3440
글로벌학생팀,글로벌학생팀,"비교과 프로그램, 상담",02-2260-3891
글로벌학생팀,글로벌학생팀,"DGLAM관리, 학적 관리",02-2260-4948
박물관,박물관,학예 및 행정 업무,02-2279-1793
박물관,박물관,학예,02-2279-1794
박물관,박물관,학예,02-2279-1795
박물관,박물관,학예,02-2260-3723
박물관,박물관,학예,02-2279-1796
박물관 행정팀,박물관 행정팀,학예 및 행정 업무,02-2279-1793
박물관 행정팀,박물관 행정팀,학예,02-2279-1794
박물관 행정팀,박물관 행정팀,학예,02-2279-1795
박물관 행정팀,박물관 행정팀,학예,02-2260-3723
박물관 행정팀,박물관 행정팀,학예,02-2279-1796
미디어팀,미디어팀,"미디어보드/대학미디어센터 운영 실무 (교육방송국, 동대신문)",02-2260-3495
미디어팀,미디어팀,대학미디어센터 영상지도/기술자문,02-2260-3494
건강증진센터,건강증진센터,부서 서무,02-2260-3443
건강증진센터,건강증진센터,간호사,02-2260-3443
남산학사 행정팀,남산학사 행정팀,남산학사 내국인 사생 관리,02-2260-4933
에너지신소재공학과,에너지신소재공학과,"수업, 연구, 학생 지도",02-2260-8598
제약바이오산업학과,제약바이오산업학과,식품의료제품규제정책학과 학사행정 담당,02-2290-1304
식품·의료제품규제정책학과,식품·의료제품규제정책학과,식품의료제품규제정책학과 학사행정 담당,02-2290-1304
대학원실,대학원실,대학원실 업무 총괄,02-2260-3039
대학원실,대학원실,"대학원 발전계획, 대학원 학술연구, 전문/특수대학원 정원관리",02-2260-3138
대학원실,대학원실,"대학원 기획, 일반대학원 입시(내국인) /교내장학",02-2260-3038
대학원실,대학원실,"일반대학원 졸업, 논문, SRD/글로벌우수인재양성장학",02-2260-3137
대학원실,대학원실,"일반대학원 수업 및 성적, 대학원요람, 비교과프로그램, 정보공시 등",02-2260-3036
대학원실,대학원실,학적 학력조회 학자금대출 대학원연구실공간관리 혁신사업 홈페이지관리 등,02-2260-3037
영화영상제작학과,영화영상제작학과,BK21 행정업무,
영화영상제작학과,영화영상제작학과,강의,
영화영상제작학과,영화영상제작학과,영상대학원 강의담당 초빙교수,
영화영상제작학과,영화영상제작학과,연구,01029371145
콘텐츠비즈니스전공,콘텐츠비즈니스전공,영상대학원 강의담당 초빙교수,
영상대학원·예술대학(원) 학사운영실,영상대학원·예술대학(원) 학사운영실,문화예술대학원 학사,02-2260-3608
영상대학원·예술대학(원) 학사운영실,영상대학원·예술대학(원) 학사운영실,영상대학원 입시 및 통계,02-2260-3761
영상대학원·예술대학(원) 학사운영실,영상대학원·예술대학(원) 학사운영실,예술대학 학사(학부),02-2260-3605
영상대학원·예술대학(원) 학사운영실,영상대학원·예술대학(원) 학사운영실,영상대학원 학사,02-2260-8772
영상대학원·예술대학(원) 학사운영실,영상대학원·예술대학(원) 학사운영실,"영상제작센터 강의실 및 실습실, 촬영 기자재 관리",02-2264-6380
영상대학원·예술대학(원) 학사운영실,영상대학원·예술대학(원) 학사운영실,"문화예술대학원 학사 업무, 학부 유고결석계 업무",02-2260-3606
영상대학원·예술대학(원) 학사운영실,영상대학원·예술대학(원) 학사운영실,멀티미디어학과/공연예술학과,02-2260-8782
영상대학원·예술대학(원) 학사운영실,영상대학원·예술대학(원) 학사운영실,영화영상제작학과/문화콘텐츠학과,02-2260-3762
영상대학원·예술대학(원) 학사운영실,영상대학원·예술대학(원) 학사운영실,중문과정 담당,02-2260-8514
영상대학원·예술대학(원) 학사운영실,영상대학원·예술대학(원) 학사운영실,OTT 콘텐츠 특성화 사업,02-2260-3764
불교대학(원) 학사운영실,불교대학(원) 학사운영실,불교대학(원) 업무 총괄,02-2260-3095
불교대학(원) 학사운영실,불교대학(원) 학사운영실,교원 및 연구 관련 업무,02-2260-3097
불교대학(원) 학사운영실,불교대학(원) 학사운영실,불교대학원(특수) 및 서무,02-2260-3096
불교대학(원) 학사운영실,불교대학(원) 학사운영실,불교대학 학사업무,02-2260-3098
불교대학(원) 학사운영실,불교대학(원) 학사운영실,학과 및 일반대학원 업무,02-2260-8701
문과·이과대학 학사운영실,문과·이과대학 학사운영실,이과대학 학사,02-2260-3755
문과·이과대학 학사운영실,문과·이과대학 학사운영실,문과대학 학사,02-2260-3757
문과·이과대학 학사운영실,문과·이과대학 학사운영실,국어국문문예창작학부,02-2260-8706
문과·이과대학 학사운영실,문과·이과대학 학사운영실,"사학과, 철학과",02-2260-8671(8728)
문과·이과대학 학사운영실,문과·이과대학 학사운영실,"이과대학 학사, 대관",02-2260-3748
문과·이과대학 학사운영실,문과·이과대학 학사운영실,"일본학과, 중어중문학과",02-2260-8710
문과·이과대학 학사운영실,문과·이과대학 학사운영실,"학적, 수업(문과대학)",02-2260-3756
문과·이과대학 학사운영실,문과·이과대학 학사운영실,"국어국문학과, 국제다문화학과 대학원",02-2290-1891
수학과,수학과,자연과학연구원 전문연구원,02-2260-3198
물리학과,물리학과,"OLEDs, Solar Cells, Stretchable Electronics, Perovskite Electronics, Transparent Electronics",02-2260-3208
이과·문과대학 학사운영실,이과·문과대학 학사운영실,이과대학 학사,02-2260-3755
이과·문과대학 학사운영실,이과·문과대학 학사운영실,문과대학 학사,02-2260-3757
이과·문과대학 학사운영실,이과·문과대학 학사운영실,"이과대학 학사, 대관",02-2260-3748
이과·문과대학 학사운영실,이과·문과대학 학사운영실,물리학과,02-2260-8713
이과·문과대학 학사운영실,이과·문과대학 학사운영실,화학과,02-2260-8714
이과·문과대학 학사운영실,이과·문과대학 학사운영실,"학적, 수업(문과대학)",02-2260-3756
이과·문과대학 학사운영실,이과·문과대학 학사운영실,수학과/통계학과,"02-2260-8712,8715"
법학과,법학과,법과대학 학장 겸 법무대학원 원장,02-2260-3239
법과대학·법무대학원 학사운영실,법과대학·법무대학원 학사운영실,"교원, 현장실습, 장학",02-2260-3227
법과대학·법무대학원 학사운영실,법과대학·법무대학원 학사운영실,법무대학원(특수대학원),02-2260-3742
법과대학·법무대학원 학사운영실,법과대학·법무대학원 학사운영실,법과대학 고시반 행정지원,02-2260-3571
법과대학·법무대학원 학사운영실,법과대학·법무대학원 학사운영실,법과대학 학부 학사,02-2260-3226
사회과학대학(행정대학원)·언론정보대학원 학사운영실,사회과학대학(행정대학원)·언론정보대학원 학사운영실,"행정대학원,교원인사",02-2260-3103
사회과학대학(행정대학원)·언론정보대학원 학사운영실,사회과학대학(행정대학원)·언론정보대학원 학사운영실,학부 학사행정,02-2260-3105
사회과학대학(행정대학원)·언론정보대학원 학사운영실,사회과학대학(행정대학원)·언론정보대학원 학사운영실,비전임/조교/언론정보대학원,02-2260-8638
사회과학대학(행정대학원)·언론정보대학원 학사운영실,사회과학대학(행정대학원)·언론정보대학원 학사운영실,사회과학대학 학부,02-2260-3104
사회과학대학(행정대학원)·언론정보대학원 학사운영실,사회과학대학(행정대학원)·언론정보대학원 학사운영실,언론정보대학원,02-2260-3372
사회과학대학(행정대학원)·언론정보대학원 학사운영실,사회과학대학(행정대학원)·언론정보대학원 학사운영실,국제통상학과,02-2260-3505
사회과학대학(행정대학원)·언론정보대학원 학사운영실,사회과학대학(행정대학원)·언론정보대학원 학사운영실,경제학과 학사업무,02-2260-8725
사회과학대학(행정대학원)·언론정보대학원 학사운영실,사회과학대학(행정대학원)·언론정보대학원 학사운영실,미디어커뮤니케이션학전공,02-2260-8723
사회과학대학(행정대학원)·언론정보대학원 학사운영실,사회과학대학(행정대학원)·언론정보대학원 학사운영실,"행정학전공, 식품산업관리학과",02-2260-8718/8730
사회과학대학(행정대학원)·언론정보대학원 학사운영실,사회과학대학(행정대학원)·언론정보대학원 학사운영실,사회학전공/사회복지학과,02-2260-8720/8704
사회과학대학(행정대학원)·언론정보대학원 학사운영실,사회과학대학(행정대학원)·언론정보대학원 학사운영실,행정대학원,02-2260-3102
사회과학대학(행정대학원)·언론정보대학원 학사운영실,사회과학대학(행정대학원)·언론정보대학원 학사운영실,"정치외교학전공, 북한학전공","02-2260-8717, 02-2260-8721"
사회과학대학(행정대학원)·언론정보대학원 학사운영실,사회과학대학(행정대학원)·언론정보대학원 학사운영실,광고홍보학과,02-2260-8729
경찰사법대학(경찰사법대학원)·미래융합대학 학사운영실,경찰사법대학(경찰사법대학원)·미래융합대학 학사운영실,경찰사법대학.미래융합대학 학사/학적,02-2260-3632
경찰사법대학(경찰사법대학원)·미래융합대학 학사운영실,경찰사법대학(경찰사법대학원)·미래융합대학 학사운영실,경찰사법대학원,02-2260-3631
경찰사법대학(경찰사법대학원)·미래융합대학 학사운영실,경찰사법대학(경찰사법대학원)·미래융합대학 학사운영실,경찰행정학부/ 일반대학원 경찰행정학과,02-2260-8719
경찰사법대학(경찰사법대학원)·미래융합대학 학사운영실,경찰사법대학(경찰사법대학원)·미래융합대학 학사운영실,경찰사법대학원 학사,02-2260-3370
경영대학,경영대학,AACSB PD,
경영학과,경영학과,AACSB PD,
경영대학(경영전문대학원)·국제정보보호대학원 학사운영실,경영대학(경영전문대학원)·국제정보보호대학원 학사운영실,"연구기획(연구기관 육성 등), 산학협협력단 운영정원 및 사무분장 조정 등",4918
경영대학(경영전문대학원)·국제정보보호대학원 학사운영실,경영대학(경영전문대학원)·국제정보보호대학원 학사운영실,"경영대학 교원업무, MBA, 비학위과정",02-2260-8885
경영대학(경영전문대학원)·국제정보보호대학원 학사운영실,경영대학(경영전문대학원)·국제정보보호대학원 학사운영실,국제정보보호대학원,02-2260-3734
경영대학(경영전문대학원)·국제정보보호대학원 학사운영실,경영대학(경영전문대학원)·국제정보보호대학원 학사운영실,경영대학,02-2260-8887
경영대학(경영전문대학원)·국제정보보호대학원 학사운영실,경영대학(경영전문대학원)·국제정보보호대학원 학사운영실,글로벌MBA(중문),02-2260-8882
경영대학(경영전문대학원)·국제정보보호대학원 학사운영실,경영대학(경영전문대학원)·국제정보보호대학원 학사운영실,"경영전문대학원 학사업무 지원, 글로벌 MBA(영문)",02-2260-8884
경영대학(경영전문대학원)·국제정보보호대학원 학사운영실,경영대학(경영전문대학원)·국제정보보호대학원 학사운영실,경영정보학과/경영학부,02-2260-3517
경영대학(경영전문대학원)·국제정보보호대학원 학사운영실,경영대학(경영전문대학원)·국제정보보호대학원 학사운영실,경영학과,02-2260-3502
경영대학(경영전문대학원)·국제정보보호대학원 학사운영실,경영대학(경영전문대학원)·국제정보보호대학원 학사운영실,회계학과,02-2260-3518
국제정보보호대학원·경영대학(경영전문대학원) 학사운영실,국제정보보호대학원·경영대학(경영전문대학원) 학사운영실,"연구기획(연구기관 육성 등), 산학협협력단 운영정원 및 사무분장 조정 등",4918
국제정보보호대학원·경영대학(경영전문대학원) 학사운영실,국제정보보호대학원·경영대학(경영전문대학원) 학사운영실,"경영대학 교원업무, MBA, 비학위과정",02-2260-8885
국제정보보호대학원·경영대학(경영전문대학원) 학사운영실,국제정보보호대학원·경영대학(경영전문대학원) 학사운영실,비전임/조교/언론정보대학원,02-2260-8638
국제정보보호대학원·경영대학(경영전문대학원) 학사운영실,국제정보보호대학원·경영대학(경영전문대학원) 학사운영실,국제정보보호대학원,02-2260-3734
국제정보보호대학원·경영대학(경영전문대학원) 학사운영실,국제정보보호대학원·경영대학(경영전문대학원) 학사운영실,경영대학,02-2260-8887
언론정보대학원·사회과학대학(행정대학원) 학사운영실,언론정보대학원·사회과학대학(행정대학원) 학사운영실,"행정대학원,교원인사",02-2260-3103
언론정보대학원·사회과학대학(행정대학원) 학사운영실,언론정보대학원·사회과학대학(행정대학원) 학사운영실,학부 학사행정,02-2260-3105
언론정보대학원·사회과학대학(행정대학원) 학사운영실,언론정보대학원·사회과학대학(행정대학원) 학사운영실,비전임/조교/언론정보대학원,02-2260-8638
언론정보대학원·사회과학대학(행정대학원) 학사운영실,언론정보대학원·사회과학대학(행정대학원) 학사운영실,언론정보대학원,02-2260-3372
바이오시스템·약학대학 학사운영실,바이오시스템·약학대학 학사운영실,"바이오시스템대학약학대학 학사운영실장, BMC학생지원팀장",031-961-5103
바이오시스템·약학대학 학사운영실,바이오시스템·약학대학 학사운영실,"약학대학 교원, 연구, 기획",031-961-5202
바이오시스템·약학대학 학사운영실,바이오시스템·약학대학 학사운영실,"바이오시스템대학, 약학대학 학사",031-961-5204
바이오시스템·약학대학 학사운영실,바이오시스템·약학대학 학사운영실,"바이오시스템대학/약학대학 교원,연구,기획",031-961-5104
바이오시스템·약학대학 학사운영실,바이오시스템·약학대학 학사운영실,생명과학과/의생명공학과 담당,031-961-5348
바이오시스템·약학대학 학사운영실,바이오시스템·약학대학 학사운영실,"약학대학 학적, 학부 실무실습 및 현장실습",031-961-5203
바이오시스템·약학대학 학사운영실,바이오시스템·약학대학 학사운영실,광역화 담당 / 바이오시스템대학 학사,031-961-5105
바이오시스템·약학대학 학사운영실,바이오시스템·약학대학 학사운영실,바이오환경과학과 / 식품생명공학과 담당,031-961-5347 / 5349
약학과,약학과,"바이오시스템대학/약학대학 교원,연구,기획",031-961-5104
약학과,약학과,"약학대학 학적, 학부 실무실습 및 현장실습",031-961-5203
약학대학·바이오시스템대학 학사운영실,약학대학·바이오시스템대학 학사운영실,"바이오시스템대학약학대학 학사운영실장, BMC학생지원팀장",031-961-5103
약학대학·바이오시스템대학 학사운영실,약학대학·바이오시스템대학 학사운영실,"약학대학 교원, 연구, 기획",031-961-5202
약학대학·바이오시스템대학 학사운영실,약학대학·바이오시스템대학 학사운영실,"바이오시스템대학, 약학대학 학사",031-961-5204
약학대학·바이오시스템대학 학사운영실,약학대학·바이오시스템대학 학사운영실,"바이오시스템대학/약학대학 교원,연구,기획",031-961-5104
약학대학·바이오시스템대학 학사운영실,약학대학·바이오시스템대학 학사운영실,"약학대학 학적, 학부 실무실습 및 현장실습",031-961-5203
약학대학·바이오시스템대학 학사운영실,약학대학·바이오시스템대학 학사운영실,광역화 담당 / 바이오시스템대학 학사,031-961-5105
공학교육혁신센터 행정팀,공학교육혁신센터 행정팀,총괄,02-2260-3857
공학교육혁신센터 행정팀,공학교육혁신센터 행정팀,공학교육인증,02-2260-8835
공학교육혁신센터 행정팀,공학교육혁신센터 행정팀,공학교육혁신사업 - 주관,02-2260-8840
공학교육혁신센터 행정팀,공학교육혁신센터 행정팀,공학교육혁신사업-교내,02-2260-8860
화공생물공학과,화공생물공학과,"수업, 연구, 학생 지도",02-2260-8598
화공생물공학과,화공생물공학과,"공과대학 교원, 연구기관",02-2260-3863
건축공학부,건축공학부,건축환경 및 설비 전공,0222603358
공과대학·첨단융합대학 학사운영실,공과대학·첨단융합대학 학사운영실,총괄,02-2260-3857
공과대학·첨단융합대학 학사운영실,공과대학·첨단융합대학 학사운영실,"첨단교원, 연구",02-2260-3552
공과대학·첨단융합대학 학사운영실,공과대학·첨단융합대학 학사운영실,"공과대학 기획, 예산, 평가, 감사, 공간, 조교, 학생지원(학생회, 불교동아리), 부트캠프사업단 운영지원팀",02-2260-8517
공과대학·첨단융합대학 학사운영실,공과대학·첨단융합대학 학사운영실,첨단융합대학 기획/예산/학사,02-2260-8963
공과대학·첨단융합대학 학사운영실,공과대학·첨단융합대학 학사운영실,"공과대학 교원, 연구기관",02-2260-3863
공과대학·첨단융합대학 학사운영실,공과대학·첨단융합대학 학사운영실,공과대학 학사 (수업/졸업 등),02-2260-3862
공과대학·첨단융합대학 학사운영실,공과대학·첨단융합대학 학사운영실,건설환경공학과,02-2260-8737
공과대학·첨단융합대학 학사운영실,공과대학·첨단융합대학 학사운영실,화공생물공학과,02-2260-8739
공과대학·첨단융합대학 학사운영실,공과대학·첨단융합대학 학사운영실,"전자전기공학부 교원, 예산, 연구",02-2260-8736
공과대학·첨단융합대학 학사운영실,공과대학·첨단융합대학 학사운영실,"공과대학 학적, 현장실습, 취업, 장학, 자산관리",02 2260 3858
공과대학·첨단융합대학 학사운영실,공과대학·첨단융합대학 학사운영실,"산업시스템공학과, 디자인공학 / 핀테크블록체인학과",02-2260-8743
공과대학·첨단융합대학 학사운영실,공과대학·첨단융합대학 학사운영실,건축공학부 담당,02)2260-8738
공과대학·첨단융합대학 학사운영실,공과대학·첨단융합대학 학사운영실,에너지신소재공학과,02-2260-8513
공과대학·첨단융합대학 학사운영실,공과대학·첨단융합대학 학사운영실,정보통신공학과,02-2260-8755
공과대학·첨단융합대학 학사운영실,공과대학·첨단융합대학 학사운영실,"기계로봇에너지공학과, 대학원 기계공학과 및 지식재산학과 학사, 장학(공과대학 외), 교원",02-2260-8580
공과대학·첨단융합대학 학사운영실,공과대학·첨단융합대학 학사운영실,"전자전기공학부 수업, 장학, 교무",02-2260-8735
공과대학·첨단융합대학 학사운영실,공과대학·첨단융합대학 학사운영실,"기계로봇에너지공학과, 기계공학과, 지식재산학과 회계, 혁신사업, 자산, 공과대학 장학금, 연구실",02-2260-8726
시스템반도체학부,시스템반도체학부,Assistant professor,3770
첨단융합대학·공과대학 학사운영실,첨단융합대학·공과대학 학사운영실,총괄,02-2260-3857
첨단융합대학·공과대학 학사운영실,첨단융합대학·공과대학 학사운영실,"첨단교원, 연구",02-2260-3552
첨단융합대학·공과대학 학사운영실,첨단융합대학·공과대학 학사운영실,"공과대학 기획, 예산, 평가, 감사, 공간, 조교, 학생지원(학생회, 불교동아리), 부트캠프사업단 운영지원팀",02-2260-8517
첨단융합대학·공과대학 학사운영실,첨단융합대학·공과대학 학사운영실,첨단융합대학 기획/예산/학사,02-2260-8963
첨단융합대학·공과대학 학사운영실,첨단융합대학·공과대학 학사운영실,"공과대학 교원, 연구기관",02-2260-3863
첨단융합대학·공과대학 학사운영실,첨단융합대학·공과대학 학사운영실,공과대학 학사 (수업/졸업 등),02-2260-3862
첨단융합대학·공과대학 학사운영실,첨단융합대학·공과대학 학사운영실,시스템반도체학부 학부/대학원 전체 업무 담당,02-2260-8740
첨단융합대학·공과대학 학사운영실,첨단융합대학·공과대학 학사운영실,"컴퓨터,AI학부 졸업사정/성적/비전임, 강사/강의실/자산/공학교육인증",02-2260-8742
첨단융합대학·공과대학 학사운영실,첨단융합대학·공과대학 학사운영실,"공과대학 학적, 현장실습, 취업, 장학, 자산관리",02 2260 3858
첨단융합대학·공과대학 학사운영실,첨단융합대학·공과대학 학사운영실,"컴퓨터·AI학부 학부 수업, 대학원 학사 담당",02-2260-8760
첨단융합대학·공과대학 학사운영실,첨단융합대학·공과대학 학사운영실,"의료인공지능공학, 지능형네트워크융합학과",02-2260-8759
첨단융합대학·공과대학 학사운영실,첨단융합대학·공과대학 학사운영실,컴퓨터·AI학부 예산/전임교원/학적 담당,02-2260-8957
국어교육과,국어교육과,"사범대학 학사(학적, 졸업, 수업), 국고사업",02-2260-3108
체육교육과,체육교육과,"사범대학 학사(학적, 졸업, 수업), 국고사업",02-2260-3108
사범대학 교직부,사범대학 교직부,학사운영실 업무 총괄,02-2260-3107
사범대학 교직부,사범대학 교직부,"사범대학 학사(학적, 졸업, 수업), 국고사업",02-2260-3108
사범대학 교직부,사범대학 교직부,교직과정 운영,02-2260-3109
사범대학 교직부,사범대학 교직부,"교육서비스과학대학원, 미래융합대학원 학사 / 교육대학원 학위논문",02-2260-3112
사범대학 교직부,사범대학 교직부,교육대학원 학사,02-2260-3111
사범대학(교육대학원·교육서비스과학대학원)·미래융합대학원 학사운영실,사범대학(교육대학원·교육서비스과학대학원)·미래융합대학원 학사운영실,학사운영실 업무 총괄,02-2260-3107
사범대학(교육대학원·교육서비스과학대학원)·미래융합대학원 학사운영실,사범대학(교육대학원·교육서비스과학대학원)·미래융합대학원 학사운영실,"사범대학 학사(학적, 졸업, 수업), 국고사업",02-2260-3108
사범대학(교육대학원·교육서비스과학대학원)·미래융합대학원 학사운영실,사범대학(교육대학원·교육서비스과학대학원)·미래융합대학원 학사운영실,교직과정 운영,02-2260-3109
사범대학(교육대학원·교육서비스과학대학원)·미래융합대학원 학사운영실,사범대학(교육대학원·교육서비스과학대학원)·미래융합대학원 학사운영실,"교육서비스과학대학원, 미래융합대학원 학사 / 교육대학원 학위논문",02-2260-3112
사범대학(교육대학원·교육서비스과학대학원)·미래융합대학원 학사운영실,사범대학(교육대학원·교육서비스과학대학원)·미래융합대학원 학사운영실,"교육학과(학부, 일반대학원), 상담심리전공(교육대학원)",02-2260-8744
사범대학(교육대학원·교육서비스과학대학원)·미래융합대학원 학사운영실,사범대학(교육대학원·교육서비스과학대학원)·미래융합대학원 학사운영실,국어교육과/체육교육과,02-2260-8746/3481
사범대학(교육대학원·교육서비스과학대학원)·미래융합대학원 학사운영실,사범대학(교육대학원·교육서비스과학대학원)·미래융합대학원 학사운영실,교육대학원 학사,02-2260-3111
사범대학(교육대학원·교육서비스과학대학원)·미래융합대학원 학사운영실,사범대학(교육대학원·교육서비스과학대학원)·미래융합대학원 학사운영실,교육서비스과학대학원 중문과정,02-2260-3110
사범대학(교육대학원·교육서비스과학대학원)·미래융합대학원 학사운영실,사범대학(교육대학원·교육서비스과학대학원)·미래융합대학원 학사운영실,역사/지리교육과 담당,"02-2260-8747,8"
사범대학(교육대학원·교육서비스과학대학원)·미래융합대학원 학사운영실,사범대학(교육대학원·교육서비스과학대학원)·미래융합대학원 학사운영실,수학교육과/가정교육과,02-2260-8749/8750
예술대학(원)·영상대학원 학사운영실,예술대학(원)·영상대학원 학사운영실,문화예술대학원 학사,02-2260-3608
예술대학(원)·영상대학원 학사운영실,예술대학(원)·영상대학원 학사운영실,영상대학원 입시 및 통계,02-2260-3761
예술대학(원)·영상대학원 학사운영실,예술대학(원)·영상대학원 학사운영실,예술대학 학사(학부),02-2260-3605
예술대학(원)·영상대학원 학사운영실,예술대학(원)·영상대학원 학사운영실,영상대학원 학사,02-2260-8772
예술대학(원)·영상대학원 학사운영실,예술대학(원)·영상대학원 학사운영실,"미술학부(조소전공, 서양화전공), 교육대학원 미술교육전공",02-2260-8752
예술대학(원)·영상대학원 학사운영실,예술대학(원)·영상대학원 학사운영실,"문화예술대학원 학사 업무, 학부 유고결석계 업무",02-2260-3606
예술대학(원)·영상대학원 학사운영실,예술대학(원)·영상대학원 학사운영실,"연극학부, 대학원 연극학과",02-2260-8753
예술대학(원)·영상대학원 학사운영실,예술대학(원)·영상대학원 학사운영실,"영화영상학과(학부/일반대학원), 뷰티아트케어학과(박사과정)",02-2260-8754
예술대학(원)·영상대학원 학사운영실,예술대학(원)·영상대학원 학사운영실,한국음악과 담당,02-2260-8732
예술대학(원)·영상대학원 학사운영실,예술대학(원)·영상대학원 학사운영실,중문과정 담당,02-2260-8722
예술대학(원)·영상대학원 학사운영실,예술대학(원)·영상대학원 학사운영실,"(학부)스포츠문화학과/(대학원)스포츠과학융합학과, 미술사학과",02-2260-8741
예술대학(원)·영상대학원 학사운영실,예술대학(원)·영상대학원 학사운영실,"미술학부(불교미술전공, 한국화전공), 일반대학원 미술학과",02-2260-8752
미래융합대학·경찰사법대학(경찰사법대학원)학사운영실,미래융합대학·경찰사법대학(경찰사법대학원)학사운영실,경찰사법대학.미래융합대학 학사/학적,02-2260-3632
미래융합대학·경찰사법대학(경찰사법대학원)학사운영실,미래융합대학·경찰사법대학(경찰사법대학원)학사운영실,경찰사법대학원,02-2260-3631
미래융합대학·경찰사법대학(경찰사법대학원)학사운영실,미래융합대학·경찰사법대학(경찰사법대학원)학사운영실,미래융합대학 글로벌무역학과/사회복지상담학과,02-2260-3635
미래융합대학·경찰사법대학(경찰사법대학원)학사운영실,미래융합대학·경찰사법대학(경찰사법대학원)학사운영실,미래융합대학 융합보안학과/응용범죄학과/상담코칭학과,02-2260-3634
미래융합대학원·사범대학(교육대학원·교육서비스과학대학원) 학사운영실,미래융합대학원·사범대학(교육대학원·교육서비스과학대학원) 학사운영실,학사운영실 업무 총괄,02-2260-3107
미래융합대학원·사범대학(교육대학원·교육서비스과학대학원) 학사운영실,미래융합대학원·사범대학(교육대학원·교육서비스과학대학원) 학사운영실,"사범대학 학사(학적, 졸업, 수업), 국고사업",02-2260-3108
미래융합대학원·사범대학(교육대학원·교육서비스과학대학원) 학사운영실,미래융합대학원·사범대학(교육대학원·교육서비스과학대학원) 학사운영실,교직과정 운영,02-2260-3109
미래융합대학원·사범대학(교육대학원·교육서비스과학대학원) 학사운영실,미래융합대학원·사범대학(교육대학원·교육서비스과학대학원) 학사운영실,"교육서비스과학대학원, 미래융합대학원 학사 / 교육대학원 학위논문",02-2260-3112
다르마칼리지·열린전공학부 학사운영실,다르마칼리지·열린전공학부 학사운영실,"다르마칼리지(교양교육), 열린전공학부(광역화모집) 학사운영업무 총괄",02-2260-3895
다르마칼리지·열린전공학부 학사운영실,다르마칼리지·열린전공학부 학사운영실,다르마칼리지 교원 및 학사 업무,02-2260-3469
다르마칼리지·열린전공학부 학사운영실,다르마칼리지·열린전공학부 학사운영실,열린전공학부 교육과정 및 학사 운영,02-2260-3749
다르마칼리지·열린전공학부 학사운영실,다르마칼리지·열린전공학부 학사운영실,"열린전공학부(학적, 수업, 예산, 학생회, 불교동아리, 비교과 프로그램 지원 등)",02-2260-3884
다르마칼리지·열린전공학부 학사운영실,다르마칼리지·열린전공학부 학사운영실,"교양 수업 운영(수업, 성적 등)",02-2260-8626
다르마칼리지·열린전공학부 학사운영실,다르마칼리지·열린전공학부 학사운영실,"홈페이지 관리, 열린전공학부 비교과 프로그램, 근로장학생 관리",02-2260-3470
다르마칼리지·열린전공학부 학사운영실,다르마칼리지·열린전공학부 학사운영실,"강사 연구원 조교 인사, 강의실 관리 및 수업지원, 사이버강좌, 군 e-러닝",02-2260-3750
다르마칼리지·열린전공학부 학사운영실,다르마칼리지·열린전공학부 학사운영실,"교양 영어/외국어, 외국어 패스제, 영어 비교과 프로그램 운영 담당",02-2260-3468
다르마칼리지·열린전공학부 학사운영실,다르마칼리지·열린전공학부 학사운영실,글쓰기 상담 프로그램 기획 및 운영/글쓰기 비교과 프로그램 운영,02-2260-3380
열린전공학부,열린전공학부,건축환경 및 설비 전공,0222603358
열린전공학부,열린전공학부,"OLEDs, Solar Cells, Stretchable Electronics, Perovskite Electronics, Transparent Electronics",02-2260-3208
열린전공학부·다르마칼리지 학사운영실,열린전공학부·다르마칼리지 학사운영실,"다르마칼리지(교양교육), 열린전공학부(광역화모집) 학사운영업무 총괄",02-2260-3895
열린전공학부·다르마칼리지 학사운영실,열린전공학부·다르마칼리지 학사운영실,다르마칼리지 교원 및 학사 업무,02-2260-3469
열린전공학부·다르마칼리지 학사운영실,열린전공학부·다르마칼리지 학사운영실,열린전공학부 교육과정 및 학사 운영,02-2260-3749
열린전공학부·다르마칼리지 학사운영실,열린전공학부·다르마칼리지 학사운영실,"열린전공학부(학적, 수업, 예산, 학생회, 불교동아리, 비교과 프로그램 지원 등)",02-2260-3884
열린전공학부·다르마칼리지 학사운영실,열린전공학부·다르마칼리지 학사운영실,"교양 수업 운영(수업, 성적 등)",02-2260-8626
열린전공학부·다르마칼리지 학사운영실,열린전공학부·다르마칼리지 학사운영실,"홈페이지 관리, 열린전공학부 비교과 프로그램, 근로장학생 관리",02-2260-3470
열린전공학부·다르마칼리지 학사운영실,열린전공학부·다르마칼리지 학사운영실,"강사 연구원 조교 인사, 강의실 관리 및 수업지원, 사이버강좌, 군 e-러닝",02-2260-3750
교원인사실,교원인사실,교원인사 실무 총괄,02-2260-3029
교원인사실,교원인사실,"전임교원(정년트랙) 신규초빙, 교원 보직인사, 교원 인사기획",02-2260-3030
교원인사실,교원인사실,"전임교원 특별초빙, 인사평가, 연구윤리, 비전임교원(석좌, 명예, 특임) 인사, 교원 인사기획",02-2260-3035
교원인사실,교원인사실,"전임교원 승진/재임용/연구년/기타인사, 급여 및 수당, 교원 인사 규정, 전체교수회의",02-2260-3031
교원인사실,교원인사실,"교내연구지원제도, 교육/봉사업적 총괄, 연구업적평가(자연/공학), 학술상, 연구활동실태조사",02-2260-3033
교원인사실,교원인사실,"비전임교원(객원, 대우, 겸임, 초빙), 강사, 조교, 전임연구원",02-2260-3032
교원인사실,교원인사실,"논문게재장려금, 국제학술대회발표보조비, 원문교정지원",02-2260-3034
교육기획팀,교육기획팀,교육기획팀 업무 총괄,02-2260-3663
교육기획팀,교육기획팀,학부 편제 및 입학정원 편성·조정 / 전공교육과정 편성기준 수립 및 조정,02-2260-3664
교육기획팀,교육기획팀,"학과평가, 다전공",02-2260-3667
교육기획팀,교육기획팀,마이크로디그리 교육과정 개발 및 모듈-트랙 개발 지원,02-2260-3666
교육기획팀,교육기획팀,전공교육질관리,02-2260-3665
학사지원팀,학사지원팀,학사업무 총괄,02-22603618
학사지원팀,학사지원팀,학적(휴복학/졸업/전과/재입학/제적 등) 관리,02-2260-3619
학사지원팀,학사지원팀,학부 수업·성적 관리,02-2260-3621
학사지원팀,학사지원팀,"계절학기, 학점교류, 강사료, 다전공/디그리(신청/포기)",02-2260-3620
교수학습혁신센터,교수학습혁신센터,강의 촬영 및 편집 / 이러닝 개발,02-2260-8814
교수학습혁신센터,교수학습혁신센터,강의 촬영 및 편집 / 이러닝 개발,02-2260-8906
교수학습혁신센터,교수학습혁신센터,학습지원부 업무 지원,02-2260-8813
교수학습혁신센터,교수학습혁신센터,MOOC/ Metavercity,02-2260-8824
교수학습혁신센터,교수학습혁신센터,학습지원,02-2260-8810
교수학습혁신센터,교수학습혁신센터,MOOC 개발,02-2260-8825
교수학습혁신센터,교수학습혁신센터,교수학습혁신센터,0222608812
교수학습혁신센터,교수학습혁신센터,학습지원,8817
학생역량개발팀,학생역량개발팀,학생역량개발팀/인권센터행정팀 총괄,02-2260-8850/3650
학생역량개발팀,학생역량개발팀,대학원.학부 학생회 / 장애학생지원,02-2260-3041
학생역량개발팀,학생역량개발팀,비교과프로그램(Dream PATH),02-2260-8855
학생역량개발팀,학생역량개발팀,동아리/108리더스/천원의아침밥,02-2260-8854
학생역량개발팀,학생역량개발팀,진로상담 / 진로코칭 프로그램 기획,02-2260-8852
학생역량개발팀,학생역량개발팀,학력인증 메일발송(해외)/교내 습득물 관리/무인증명발급기,02-2260-8661
학생역량개발팀,학생역량개발팀,학부.대학원 증명발급/해외우편/WES 온라인 전송,02-2260-8663
학생역량개발팀,학생역량개발팀,학생증,02-2260-8662
장학팀,장학팀,장학팀 및 취업팀 업무총괄,02-2260-3045
장학팀,장학팀,교내장학,02-2260-3044
장학팀,장학팀,근로.교외장학,02-2260-3046
장학팀,장학팀,"국가장학금, 학자금대출, 주거안정장학금",02-2260-3617
장학팀,장학팀,"교외,근로장학",02-2260-3669
취업팀,취업팀,장학팀 및 취업팀 업무총괄,02-2260-3045
취업팀,취업팀,"취업박람회, 취업통계조사(학부)",02-2260-3052
취업팀,취업팀,"취업통계(대학원), 멘토링",02-2260-3051
취업팀,취업팀,"추천채용, 리크루팅, 고시반 총괄",02-2260-3053
취업팀,취업팀,고시반 운영,02-2260-8682
취업팀,취업팀,취업상담,02-2260-4950
취업팀,취업팀,취업상담,02-2260-4957
현장실습지원센터,현장실습지원센터,현장실습지원센터/IPP행정팀 업무총괄,02-2260-3922
현장실습지원센터,현장실습지원센터,일학습병행,02-2260-3628
현장실습지원센터,현장실습지원센터,"홍보, 실습지원비",02-2260-4941
현장실습지원센터,현장실습지원센터,"전공인정심사, 성적관련업무, 장학상계, 이수구분정정신청",02-2260-3625
현장실습지원센터,현장실습지원센터,"일학습병행, 예산, 인사",3639
현장실습지원센터,현장실습지원센터,"현장실습, 예산, 전공인정, 성과평가",02-2260-4940
카운슬링센터,카운슬링센터,심리상담 및 관련 제반 업무,02-2260-3933
카운슬링센터,카운슬링센터,심리상담 및 관련 제반 업무,02-2260-3931
카운슬링센터,카운슬링센터,심리상담 및 관련 제반 업무,02-2260-3928
카운슬링센터,카운슬링센터,심리상담 및 관련 제반 업무,02-2260-3935
참사람사회공헌센터,참사람사회공헌센터,"봉사기획, 해외봉사",02-2260-3057
참사람사회공헌센터,참사람사회공헌센터,"시간봉사, 봉사동아리",02-2260-3059
참사람사회공헌센터,참사람사회공헌센터,"학점봉사, 재능봉사캠프",02-2290-1787
장애학생지원센터,장애학생지원센터,대학원.학부 학생회 / 장애학생지원,02-2260-3041
장애학생지원센터,장애학생지원센터,장애학생지원,02-2260-8806
입학실,입학실,입학실 업무 총괄,02-2260-3959
입학실,입학실,입학관리,02-2260-3961
입학실,입학실,입학관리,02-2260-3960
입학실,입학실,"전형 계획 및 운영, 연구 담당",02-2260-8798
입학실,입학실,입학관리,02-2260-3983
입학실,입학실,입학관리,02-2260-3962
입학실,입학실,"전형, 국고사업 관리 등",02-2260-3971
입학실,입학실,"전형, 국고사업 등",02-2260-3984
입학실,입학실,신입학 장학,02-2260-3987
입학실,입학실,"기회균형통합, 학부모연수, 전공체험, 진로찾기",02-2260-3970
입학실,입학실,"입시홍보, 특성화고등을졸업한재직자전형",02-2260-3968
입학실,입학실,"시간제 학생선발, 고교학점제 지원",02-2260-3985
입학실,입학실,"기회균형통합(농어촌학생/서해5도학생), 교사연수 운영",02-2260-3973
입학실,입학실,"모의면접, 입학사정관 교육훈련 프로그램 운영",02-2260-3986
입학실,입학실,"교육전문자문위원단, 드림온에어, 진로찾기",02-2260-3988
입학실,입학실,"인정도서, 온라인모의면접, 전공체험, 진로찾기",02-2260-3974
입학실,입학실,"입학홍보 및 Dreamer운영, 공동교육, 모의면접 등",02-2260-3975
입학실,입학실,"학외인사 평가과정 참관위원 운영, 국고사업 운영",02-2260-3967
입학실,입학실,"고교학점제 지원프로그램 운영, 국고 사업 운영",02-2260-3972
학술정보관리팀,학술정보관리팀,학술정보관리팀 업무 총괄,02-2260-3446
학술정보관리팀,학술정보관리팀,"전산(서버, 홈페이지, 관리용 시스템 등), 전자자원 수서(구독/구입 계약), 기획, 행정",02-2260-3448
학술정보관리팀,학술정보관리팀,"기증서, 온라인 참고정보원 구축, 기록물관리 기획/정책수립(겸)",02-2260-3451
학술정보관리팀,학술정보관리팀,"편목, 우선대출, 예약도서",02-2260-3449
학술정보관리팀,학술정보관리팀,"기증도서 편목, 온라인 참고정보원 구축 지원",02-2260-3452
학술정보관리팀,학술정보관리팀,"정기간행물, 학위논문",02-2260-3450
학술정보서비스팀,학술정보서비스팀,"학술정보서비스팀, 기록물관리팀 업무 총괄",02-2260-3454
학술정보서비스팀,학술정보서비스팀,"행정/서무, 연구지원서비스, 기획(서비스/인프라), 이용권한",02-2260-3457
학술정보서비스팀,학술정보서비스팀,"전자자원 선정, 이용교육, 서비스 콘텐츠/접점, 홍보, 행정/서무(지원)",02-2260-3455
학술정보서비스팀,학술정보서비스팀,"불교학자료실, 희망/선정도서",02-2260-3459
학술정보서비스팀,학술정보서비스팀,"바이오약학도서관, IM Zone, 세스코 열람실, BMC 수장고",031-961-5471
학술정보서비스팀,학술정보서비스팀,"사회과학자료, 원문복사",02-2260-3441
학술정보서비스팀,학술정보서비스팀,"고서, MASIL Lounge 대관, 영상홍보, 근로장학생",02-2260-3460
학술정보서비스팀,학술정보서비스팀,"동국관서고자료, 열람증, 연체료, 열람실, 서비스 장비",02-2260-8623
학술정보서비스팀,학술정보서비스팀,"예약/분관대출, 타기관대출, 이용권한/보증금, 자료인수, 대관(지원), IF Zone",02-2260-8622
학술정보서비스팀,학술정보서비스팀,"인문/법학 자료, 참고자료/정기간행물, 지정도서 선정",02-2260-3456
학술정보서비스팀,학술정보서비스팀,"자연과학 자료, IC Zone/대관, 지정도서 선정 및 관리",02-2260-3458
학술정보서비스팀,학술정보서비스팀,"연구데이터관리, 연구데이터분석지원",02-2260-3453
학술정보서비스팀,학술정보서비스팀,"연구데이터분석지원, 연구데이터관리",02-2260-3737
기록물관리팀,기록물관리팀,"학술정보서비스팀, 기록물관리팀 업무 총괄",02-2260-3454
기록물관리팀,기록물관리팀,"기증서, 온라인 참고정보원 구축, 기록물관리 기획/정책수립(겸)",02-2260-3451
기록물관리팀,기록물관리팀,"기록물평가·폐기, 역사기록물 관리, 행정/서무, 기록물관리 전문요원 수행업무 전반",02-2260-8780
기록물관리팀,기록물관리팀,"기록물평가·폐기, 이관·정리, 기록물관리 교육",02-2260-8781
인권센터,인권센터,법과대학 학장 겸 법무대학원 원장,02-2260-3239
인권센터 행정팀,인권센터 행정팀,학생역량개발팀/인권센터행정팀 총괄,02-2260-8850/3650
인권센터 행정팀,인권센터 행정팀,전문상담원,02-2260-3649
직장예비군연대,직장예비군연대,"예비군업무, 민방위업무, 병무업무, 전문연구요원관리 등",02-2260-3048
대학스포츠부,대학스포츠부,대학스포츠실 업무,02-2260-3477
대학스포츠부,대학스포츠부,축구감독,
대학스포츠부,대학스포츠부,체육관 시설 및 운동부 선수 관리,02-2260-3478
한국어교육원 학사운영실,한국어교육원 학사운영실,한국어교육원 학사운영실 업무총괄,02-2260-3499
한국어교육원 학사운영실,한국어교육원 학사운영실,"한국어과정 운영 기획, 강사 업무, 홍보 및 유치",02-2260-3473
한국어교육원 학사운영실,한국어교육원 학사운영실,"교육국제화역량 인증제, TOPIK, 유학생 단체보험, 심리상담, 글로벌 버디(B)",02-2260-3880
한국어교육원 학사운영실,한국어교육원 학사운영실,"학사/수업(학적, 출결, 졸업 등), 문화체험, 대관, SNS, 홈페이지 관리 등",02-2260-8796
한국어교육원 학사운영실,한국어교육원 학사운영실,아시아 입학(중화권 제외),02-2260-3498
한국어교육원 학사운영실,한국어교육원 학사운영실,"영미권/기타국가 입학, 단체 외국인 등록증 발급, 보험/기숙사 관리",02-2260-3758
한국어교육원 학사운영실,한국어교육원 학사운영실,"중화권 입학, 학생증, 심리상담프로그램, 글로벌버디(B) 등",02-2260-3471
미래융합교육원 행정팀,미래융합교육원 행정팀,학점은행제 운영 관리,02-2260-8994
미래융합교육원 행정팀,미래융합교육원 행정팀,학점은행제 신입학상담 및 학사업무,02-2260-8801
미래융합교육원 행정팀,미래융합교육원 행정팀,평생교육과정/원격평생교육과정 담당,02-2260-8866
미래융합교육원 행정팀,미래융합교육원 행정팀,학점은행제 학사관리,02-2260-3727
미래융합교육원 행정팀,미래융합교육원 행정팀,"학점은행제 장학,교강사,수납",02-2260-3728
미래융합교육원 행정팀,미래융합교육원 행정팀,평생교육과정,02-2260-3729
SW교육원,SW교육원,SW연계전공/SW가치확산,02-2290-1324
SW융합지원센터,SW융합지원센터,"업무총괄,",02-2290-1401
SW융합지원센터,SW융합지원센터,"인사, 제도, 사업관리",02-2290-1456
SW융합지원센터,SW융합지원센터,"산학(전공, 가치확산)",02-2290-1402
SW융합지원센터,SW융합지원센터,"SW연계전공, 삼성전자인력양성기금, 정보.컴퓨터부전공연수",02-2290-1409
SW융합지원센터,SW융합지원센터,"SW융합지원센터 대학혁신지원사업, SW기초교양, 나노디그리, 벤처스타트업아카데미",02-2290-1410
SW융합지원센터,SW융합지원센터,전공·산학·가치확산,02-2290-1492
넥스트제로기후연구소,넥스트제로기후연구소,"수업, 연구, 학생 지도",02-2260-8598
영상문화콘텐츠연구원 행정팀,영상문화콘텐츠연구원 행정팀,영상대학원 입시 및 통계,02-2260-3761
영상문화콘텐츠연구원 행정팀,영상문화콘텐츠연구원 행정팀,"영상제작센터 강의실 및 실습실, 촬영 기자재 관리",02-2264-6380
대외교류연구원,대외교류연구원,행정업무총괄,02-2290-1316
만해축전 운영위원회,만해축전 운영위원회,관리처 업무총괄,02-2260-8561
만해축전 운영위원회 행정팀,만해축전 운영위원회 행정팀,업무총괄,02-2260-8562
만해축전 운영위원회 행정팀,만해축전 운영위원회 행정팀,"운영관리(객실, 프론트, 조리, 시설), 대외협력, 홍보 / 만해축전 사무국",033-463-0416
융합교육운영팀(사물인터넷),융합교육운영팀(사물인터넷),"업무총괄,",02-2290-1401
융합교육운영팀(사물인터넷),융합교육운영팀(사물인터넷),"인사, 제도, 사업관리",02-2290-1456
융합교육운영팀(사물인터넷),융합교육운영팀(사물인터넷),사업 총괄 및 학사 운영,02-2290-1841
융합교육운영팀(사물인터넷),융합교육운영팀(사물인터넷),예산 총괄,02-2290-1842
융합교육운영팀(인문사회 인재양성),융합교육운영팀(인문사회 인재양성),"업무총괄,",02-2290-1401
융합교육운영팀(인문사회 인재양성),융합교육운영팀(인문사회 인재양성),"인사, 제도, 사업관리",02-2290-1456
융합교육운영팀(인문사회 인재양성),융합교육운영팀(인문사회 인재양성),"HUSS사업단 예산, 장학금 관리",02-2290-1833
운영지원팀(반도체 인재양성),운영지원팀(반도체 인재양성),총괄,02-2260-3857
운영지원팀(반도체 인재양성),운영지원팀(반도체 인재양성),"공과대학 기획, 예산, 평가, 감사, 공간, 조교, 학생지원(학생회, 불교동아리), 부트캠프사업단 운영지원팀",02-2260-8517
운영지원팀(반도체 인재양성),운영지원팀(반도체 인재양성),반도체 부트캠프 사업단 학사지원 업무,02-2290-1543
이차전지 인재양성 부트캠프사업단,이차전지 인재양성 부트캠프사업단,프로그램 운영 기획 및 사업성과 관리,02-2290-1552
운영지원팀(이차전지 인재양성),운영지원팀(이차전지 인재양성),총괄,02-2260-3857
운영지원팀(이차전지 인재양성),운영지원팀(이차전지 인재양성),"공과대학 기획, 예산, 평가, 감사, 공간, 조교, 학생지원(학생회, 불교동아리), 부트캠프사업단 운영지원팀",02-2260-8517
운영지원팀(이차전지 인재양성),운영지원팀(이차전지 인재양성),"사업단 예산, 서무",02-2290-1551
운영지원팀(이차전지 인재양성),운영지원팀(이차전지 인재양성),학사,02-2290-1549
운영지원팀(이차전지 인재양성),운영지원팀(이차전지 인재양성),"사업단 예산, 서무",02-2290-1548
연구윤리센터,연구윤리센터,업무 총괄,02-2260-4916
연구윤리센터,연구윤리센터,"연구기관 지원, 생명윤리위원회 운영 지원",02-2260-4921
연구윤리센터,연구윤리센터,"연구비 감사, 부적정 집행 예방 활동 등 / IRB관련 업무",산학감사팀 8890 / 연구윤리센터 4920
산학감사팀,산학감사팀,업무 총괄,02-2260-3642
산학감사팀,산학감사팀,"연구비 감사, 부적정 집행 예방 활동 등 / IRB관련 업무",산학감사팀 8890 / 연구윤리센터 4920
연구기획본부,연구기획본부,"수업, 연구, 학생 지도",02-2260-8598
연구기획팀,연구기획팀,업무 총괄,02-2260-4916
연구기획팀,연구기획팀,"연구기관 지원, 생명윤리위원회 운영 지원",02-2260-4921
연구기획팀,연구기획팀,"산학협력단 발전계획, 산학협력단 예산편성 등",02-2260-4917
연구기획팀,연구기획팀,"연구기관 지원 및 평가, 산학협력단 정관 및 법인 사무, 서무",02-2260-4919
연구사업팀,연구사업팀,"대형국책사업(인문사회예술), HUSS사업, 동국 GRANT 개인연구 및 집단연구",02-2290-1730
산학경영팀,산학경영팀,업무 총괄,02-2260-3642
산학경영팀,산학경영팀,"프로젝트계약직 인사, 4대 보험, 급여, 제증명 발급",02-2260-3643
산학경영팀,산학경영팀,산학일반직 인사 등,02-2260-8891
산학경영팀,산학경영팀,"자금지출, 자금관리, 결산",02-2260-8892
산학경영팀,산학경영팀,"연구참여인력(비전임교원 및 비전임연구원) 관리, 산학협력단 직원교육",02-2260-3645
산학경영팀,산학경영팀,"세무(원천세 및 부가세,기타세금 신고 및 납부), 연말정산, 직인 및 법인인감 관수, 산학협력단 홈페이지 관리, 지출결의서/외화송금 승인",02-2260-3644
산학지원팀,산학지원팀,산학지원팀 업무총괄,02-2260-3866
산학지원팀,산학지원팀,"대내외 연구통계 관리/지원, 교원연구업적, 부서예산관리",02-2260-3871
산학지원팀,산학지원팀,"3파트 책임담당자, 교육부 통합이지바로 적용과제, e나라도움, HUSS사업",02-2260-3690
산학지원팀,산학지원팀,2파트 책임담당자 이용과제 관리,02-2260-3869
산학지원팀,산학지원팀,"1파트 책임담당자, 과기부 중견",02-2260-3870
산학지원팀,산학지원팀,"학생인건비통합관리, 연구노트/카드, COSS, BK21+(사업단)",02-2260-3868
산학지원팀,산학지원팀,나라장터/기업체 연구용역 계약 및 과제관리,02-2260-8522
산학지원팀,산학지원팀,"RCMS(산업통상자원부, 중소벤처기업부), 기타 용역 계약",02-2260-3939
산학지원팀,산학지원팀,"과기부 신진, 기본, 국제교류",02-2260-3867
산학지원팀,산학지원팀,"과기부 글로벌 기초연구실지원사업, 세종과학펠로우십, 원천",02-2260-8515
산학지원팀,산학지원팀,나라장터/정부/지자체/기타재단 용역사업,02-2260-3936
산학지원팀,산학지원팀,과기부 중견,02-2260-8518
산학지원팀,산학지원팀,"교육부 이공, 학문후속, 글로벌인문융합",02-2260-3937
산학지원팀,산학지원팀,"나라장터 용역, 산업체 과제",02-2260-3938
산학지원팀,산학지원팀,"교육부 인문 기타사업 및 한중연과제 신청, 협약, 관리, 정산",02-2260-8519
산학지원팀,산학지원팀,한국연구재단 외 Ezbaro,02-2260-8520
산학지원팀,산학지원팀,"BK21+연구팀, e나라도움, 서울RISE(단독)",02-2260-3865
공용기기원,공용기기원,"회계 및 자금 관리, 공용기기원 센터관리",02-2260-4936
공용기기원,공용기기원,"운영/발전계획, 실태조사, 운영위원회, 공용연구장비 신규도입˙유지보수",02-2260-4937
전임상효능평가센터,전임상효능평가센터,실험동물 사육관리,031-961-5260
전임상효능평가센터,전임상효능평가센터,"IACUC, LMO 관련 업무",031-961-5263
전임상효능평가센터,전임상효능평가센터,"IACUC, 전임상효능평가센터 연구 행정 업무",031-961-5260
BMC산학협력팀,BMC산학협력팀,업무총괄,031-961-5295/5460
BMC산학협력팀,BMC산학협력팀,"통합이지바로 이용과제(범부처, 보건부, 식약처, 농림부, 국토부 등)",031-961-5293
BMC산학협력팀,BMC산학협력팀,통합이지바로 이용과제(한국연구재단) 관리,031-961-5292
BMC산학협력팀,BMC산학협력팀,"한국연구재단 기초연구실 지원사업 / 기업체 및 산업자문 계약, 과제 관리 / 부서서무",031-961-5294
BMC산학협력팀,BMC산학협력팀,"BMC산학협력팀 연구과제 책임담당자 / E-나라도움 이용과제, 식약처 용역연구개발과제(이지식약시스템 이용), 연구과제 신청, 협약, 관리 정산 / 경기RISE사업단 사업 관리",031-961-5297
BMC산학협력팀,BMC산학협력팀,"RCMS 사용 과제(산자부, 환경부, 중기부 등), 기타재단/나라장터를 통한 계약 과제 등 협약 및 수행, 정산업무 지원",031-961-5291
의무산학협력팀,의무산학협력팀,"지식재산권 및 기술 사업화, 교원창업지원업무, 갭펀드",031-961-5742
의무산학협력팀,의무산학협력팀,"연구과제관리(한국보건산업진흥원), 자산관리",0319615746
의무산학협력팀,의무산학협력팀,"연구기획(대형국책사업,교내연구비지원,논문실적), 감사 및 회의자료",031-961-5743
의무산학협력팀,의무산학협력팀,"한국보건산업진흐원, 산업통상자원부, 식약처, e나라도움, 그외 정부 용역과제 및 기업체과제 관리",
창업기술본부,창업기술본부,"창업보육, 기술이전, 기술사업화, 기술지주회사",02-2260-3028
기술사업센터,기술사업센터,업무총괄,02-2260-3876
기술사업센터,기술사업센터,기술지주회사 및 자회사 관리,02-2260-4962
기술사업센터,기술사업센터,"기술거래, 기술사업화",02-2260-3873
기술사업센터,기술사업센터,기술이전 기술마케팅,0222603874
기술사업센터,기술사업센터,"교원창업, 기술이전",02-2260-3980
기술사업센터,기술사업센터,지식재산권 경영 및 비용,02-2260-3877
기술사업센터,기술사업센터,펀드조성 및 투자,02-2260-3875
기술사업센터,기술사업센터,실험실 창업선도대학,02-2260-3977
기술사업센터,기술사업센터,실험실 특화형 창업 선도대학 육성사업 운영,02-2260-3979
기술사업센터,기술사업센터,실험실 특화형 창업선도대학 육성사업,02-2260-4993
동국기술지주주식회사,동국기술지주주식회사,"창업보육, 기술이전, 기술사업화, 기술지주회사",02-2260-3028
동국기술지주주식회사,동국기술지주주식회사,업무총괄,02-2260-3876
동국기술지주주식회사,동국기술지주주식회사,펀드조성 및 투자,02-2260-3875
동국기술지주주식회사,동국기술지주주식회사,기술지주회사 및 자회사 관리,02-2260-4962
동국기술지주주식회사,동국기술지주주식회사,"기술거래, 기술사업화",02-2260-3873
동국기술지주주식회사,동국기술지주주식회사,"교원창업, 기술이전",02-2260-3980
동국기술지주주식회사,동국기술지주주식회사,예비창업패키지 총괄,02-2088-3737(내선1113)
동국기술지주주식회사,동국기술지주주식회사,지식재산권 경영 및 비용,02-2260-3877
창업교육센터,창업교육센터,"창업비교과, 창업동아리",02-2260-4991
창업교육센터,창업교육센터,"창업강좌, 창업친화적 학사제도",02-2260-4995
창업진흥센터,창업진흥센터,업무총괄,02-2260-3876
창업진흥센터,창업진흥센터,메이커스페이스 교육 기획 및 운영,02-2260-3768
창업진흥센터,창업진흥센터,"2025 예비창업패키지 창업기업 관리, 창업진흥센터 부서 회계",02-2088-3737(내선1118)
창업진흥센터,창업진흥센터,"예비창업패키지 사업화, 전문가 관리, MOU관리",02-2088-3737(내선 1119)
창업진흥센터,창업진흥센터,메이커스페이스,02-2260-3682
창업진흥센터,창업진흥센터,예비창업패키지 / 창업기술본부 홍보총괄,02-2088-3737(내선 1117)
창업진흥센터,창업진흥센터,예비창업패키지,02-2088-3737(내선 1116)
창업진흥센터,창업진흥센터,예비창업패키지 총괄,02-2088-3737(내선1113)
창업진흥센터,창업진흥센터,메이커스페이스 운영,02-2260-3683
창업진흥센터,창업진흥센터,메이커스페이스,02)2260-3681
창업진흥센터,창업진흥센터,예비창업패키지,02-2088-3737(내선1117)
창업진흥센터,창업진흥센터,메이커스페이스 사업 운영,02-2260-3769
창업보육센터,창업보육센터,"창업보육, 기술이전, 기술사업화, 기술지주회사",02-2260-3028
창업보육센터,창업보육센터,창업보육센터 BI사업 및 창업기업 보육,02-2088-2133
창업보육센터,창업보육센터,"입주기업 관리, 창업보육센터 공간 관리",02-2088-2143
BMC창업보육센터,BMC창업보육센터,"창업지원사업 관리 및 운영, 대내외 업무",031-961-5465
BMC창업보육센터,BMC창업보육센터,BMC창업보육센터 입주기업 관리 및 지원,031-961-5467
서울RISE사업단,서울RISE사업단,"수업, 연구, 학생 지도",02-2260-8598
서울RISE사업팀,서울RISE사업팀,서울RISE 사업비 총괄 관리/인사/회의체/컨소시엄 과제 지원,02-2290-1729
서울RISE사업팀,서울RISE사업팀,산학협력 생태계 활성화 과제 업무 지원,02-2290-1726
서울RISE사업팀,서울RISE사업팀,산학협력 생태계 활성화 과제 업무 지원,02-2290-1725
서울RISE사업팀,서울RISE사업팀,산학협력 생태계 활성화 과제 업무 지원,02-2290-1723
서울RISE사업팀,서울RISE사업팀,창조산업인재양성사업 과제 지원,02-2290-1722
서울RISE사업팀,서울RISE사업팀,평생교육고도화사업 과제 지원,02-2290-1724
불교학술원,불교학술원,불교학술원 총괄,6713-5130
불교학술원,불교학술원,정보처리기술팀 일반연구원,010-3668-2183
불교학술원,불교학술원,K-Buddhism 문화콘텐츠 플랫폼 구축 사업단,02-6713-5158
동국역경원,동국역경원,출판 업무,02-6713-5135
동국역경원,동국역경원,불교학술원 총괄,6713-5130
동국역경원,동국역경원,서무업무,02-6713-5136
K학술확산연구소,K학술확산연구소,"산하연구소 업무지원, 기타 행정팀 서무업무 지원, 예산(수입, 지출) 업무지원",02-6713-5164
HK플러스사업단,HK플러스사업단,"산하연구소 업무지원, 기타 행정팀 서무업무 지원, 예산(수입, 지출) 업무지원",02-6713-5164
HK플러스사업단,HK플러스사업단,"불교학술원 일반대학원 학과, HK+사업단, 불교문화연구원",02-6713-5139
불교학술원 행정팀,불교학술원 행정팀,불교학술원 산하 국고사업 운영 및 각종 교원인사 등,02-6713-5129
불교학술원 행정팀,불교학술원 행정팀,불교학술원 산하 국고사업 운영 / 행정팀 서무업무 등,02-6713-5163
불교학술원 행정팀,불교학술원 행정팀,"산하연구소 업무지원, 기타 행정팀 서무업무 지원, 예산(수입, 지출) 업무지원",02-6713-5164
불교학술원 행정팀,불교학술원 행정팀,"불교학술원 일반대학원 학과, HK+사업단, 불교문화연구원",02-6713-5139
불교학술원 행정팀,불교학술원 행정팀,"종학연구소 , 동국역경원 업무지원",02-6713-5168
불교학술원 행정팀,불교학술원 행정팀,국고 사업(K-Buddhism) / 불교학술원 홈페이지,02-6713-5133
미당연구소,미당연구소,일반 행정 및 연구 기획,02-2260-8837
미당연구소,미당연구소,미당연구소 소장,
한국문학연구소,한국문학연구소,석전 박한영 사업단 편집 교정 진행 업무,02-6713-5184
Knowledge Science 연구센터,Knowledge Science 연구센터,인공지능융합혁신인재양성사업,02-2290-1441
환경안전 연구센터,환경안전 연구센터,"수업, 연구, 학생 지도",02-2260-8598
IPP사업단,IPP사업단,"현장실습, 채용연계 일학습병행 담당",02-2260-3623
IPP사업단,IPP사업단,"일학습병행, 현장실습",02-2260-3622
IPP행정팀,IPP행정팀,현장실습지원센터/IPP행정팀 업무총괄,02-2260-3922
IPP행정팀,IPP행정팀,일학습병행,02-2260-3628
IPP행정팀,IPP행정팀,"일학습병행, 예산, 인사",3639
IPP행정팀,IPP행정팀,일학습병행,02-2260-3640
IPP행정팀,IPP행정팀,"현장실습, 예산, 전공인정, 성과평가",02-2260-4940
BK21 친환경 차세대 이차전지 교육연구단,BK21 친환경 차세대 이차전지 교육연구단,교육연구단 행정직,02-2290-1554
과학영재교육원 행정팀,과학영재교육원 행정팀,업무총괄,031-961-5295/5460
경기RISE사업단,경기RISE사업단,경기RISE사업 인재양성부문 사업운영관리,031-961-5375
경기RISE사업단,경기RISE사업단,경기RISE사업/창업전담,031-961-5367
행정지원팀,행정지원팀,지역협력팀/ 경기RISE사업 행정업무 총괄,031-961-5324
행정지원팀,행정지원팀,BMC 지역협력 / 경기RISE 행정지원,031-961-5327
행정지원팀,행정지원팀,경기RISE사업단 행정업무,031-961-5365
행정지원팀,행정지원팀,경기RISE사업단 행정업무,031-961-5363
행정지원팀,행정지원팀,경기RISE사업단 행정업무,031-961-5364
행정운영팀,행정운영팀,전기공사/종합용역관리/공공요금/바이오자원생태농장,031-961-5453
행정운영팀,행정운영팀,연구실 / 냉.난방기 / 연구실 폐기물 관리,031-961-5456
행정운영팀,행정운영팀,"정보화기기, 영상음향, 주차, 셔틀버스, 대관, 물품검수, 출입보안카드",031-961-5118
행정운영팀,행정운영팀,"IACUC, LMO 관련 업무",031-961-5263
학생지원팀,학생지원팀,"바이오시스템대학약학대학 학사운영실장, BMC학생지원팀장",031-961-5103
학생지원팀,학생지원팀,"BMC 비교과(취업, 학생역량, 상담), BMC 학생행사, BMC 레디투명상, BMC 학생활동 지원, 부서 서무",031-961-5330
학생지원팀,학생지원팀,"바이오시스템대학, 약학대학 학사",031-961-5204
지역협력팀,지역협력팀,지역협력팀/ 경기RISE사업 행정업무 총괄,031-961-5324
지역협력팀,지역협력팀,BMC 지역협력 / 경기RISE 행정지원,031-961-5327
지역협력팀,지역협력팀,"BMC부총장 업무지원, 지역연계교육",031-961-5110
지역협력팀,지역협력팀,미래융합교육원 평생교육과정,031-961-5323
고양학사 행정팀,고양학사 행정팀,고양학사,031-961-5392
바이오자원생태농장,바이오자원생태농장,전기공사/종합용역관리/공공요금/바이오자원생태농장,031-961-5453
생활협동조합,생활협동조합,"사업2팀(편의점, 카페, 서점, 문구점, 기념품점, 자판기)",8964
생활협동조합,생활협동조합,식당사업/행사문의,8979
직원노동조합,직원노동조합,"주차, 경비, 차량, 미화업무 등",02-2260-3653
직원노동조합,직원노동조합,영상대학원 입시 및 통계,02-2260-3761
직원노동조합,직원노동조합,직원노동조합 업무,02-2260-8688
직원노동조합,직원노동조합,전력설비 운영관리/교내전기 민원처리 업무,02-2260-3541
만해축전추진위원회,만해축전추진위원회,관리처 업무총괄,02-2260-8561
만해축전추진위원회,만해축전추진위원회,"운영관리(객실, 프론트, 조리, 시설), 대외협력, 홍보 / 만해축전 사무국",033-463-0416
만해축전추진위원회,만해축전추진위원회,만해축전 사무행정,010-9873-0801
행정팀,행정팀,"건학위원회 행정팀 - 대학생전법, 건학이념구현 행사 기획 / 정각원 행정팀 - 종무업무 총괄","770-2094(건학위원회), 770-2915(정각원)"
행정팀,행정팀,WISE건학위원회 사무국 행정업무 / 선센터 행정업무,054-770-2095
행정팀,행정팀,정각원행정팀 일반서무/각종 불교행사/신행교육/신행활동 관리,054-770-2924
비서팀,비서팀,비서팀 업무총괄,054-770-2904
비서팀,비서팀,비서과장,054-770-2013
전략홍보팀,전략홍보팀,"전략홍보팀 업무 총괄, 홍보자문위원회",054-770-2931
전략홍보팀,전략홍보팀,"언론보도, 광고기획",770-2300
전략홍보팀,전략홍보팀,"사진, 교내 신문사 방송국지원",770-2057
전략홍보팀,전략홍보팀,"홈페이지, 학생홍보요원 등 관리",0547702932
혁신사업팀,혁신사업팀,혁신사업팀 업무 총괄,770-2936
혁신사업팀,혁신사업팀,대학혁신지원사업 사업비 관리,054-770-2939
혁신사업팀,혁신사업팀,대학혁신지원사업 사업비 관리,054-770-2937
혁신사업팀,혁신사업팀,대학혁신사업 사업비 관리 & 예산 집행 모니터링,054-770-2938
대학일자리플러스센터,대학일자리플러스센터,"진로 및 취업상담, 비교과 운영, 상담 및 찾아가는 취업서비스 데이터 관리",0547404988
대학일자리플러스사업팀,대학일자리플러스사업팀,"재학생 맞춤형 고용서비스 사업, 맞춤형 취업컨설팅사업, 공공인재 양성반",054-770-2053
대학일자리플러스사업팀,대학일자리플러스사업팀,대학일자리플러스사업 운영,054-770-2052
대학일자리플러스사업팀,대학일자리플러스사업팀,"졸업생특화프로그램 사업, 취업통계조사, 현장실습학기제, 학과역량/교원업적 평가, 기업(관) 신규협약 체결",054-770-2054
대학일자리플러스사업팀,대학일자리플러스사업팀,"대학일자리플러스센터 사업운영 / 진로 및 취업상담, 비교과 프로그램 운영",740-4989
대학일자리플러스사업팀,대학일자리플러스사업팀,"진로 및 취업상담, 비교과 운영, 데이터 관리, 홍보채널 관리",740-4987
대학일자리플러스사업팀,대학일자리플러스사업팀,"진로 및 취업상담, 비교과 운영, 거점형 프로그램, 홍보 서포터즈",740-4986
대학일자리플러스사업팀,대학일자리플러스사업팀,"진로 및 취업상담, 비교과 운영, 지역거버넌스, 홍보대장 관리",054-740-4985
대학일자리플러스사업팀,대학일자리플러스사업팀,"진로 및 취업상담, 비교과 운영, 상담 및 찾아가는 취업서비스 데이터 관리",0547404988
대학일자리플러스사업팀,대학일자리플러스사업팀,"진로 및 취업상담, 비교과 운영, 청년고용정책, 구성원역량강화",054-740-4990
대학일자리플러스사업팀,대학일자리플러스사업팀,대학일자리플러스센터/재학생맞춤형고용서비스 총괄/점프업,054-703-7333
대학일자리플러스사업팀,대학일자리플러스사업팀,대학일자리플러스센터/ 재학생맞춤형고용서비스사업 행정지원,054-703-7332
대학일자리플러스사업팀,대학일자리플러스사업팀,대학일자리플러스센터/재학생맞춤형고용서비스사업 행정지원,054-703-7331
대학일자리플러스사업팀,대학일자리플러스사업팀,대학일자리플러스센터/재학생맞춤형고용서비스사업 점프업,054-703-7336
대학일자리플러스사업팀,대학일자리플러스사업팀,대학일자리플러스센터/재학생맞춤형고용서비스 점프업,054-703-7703
대학일자리플러스사업팀,대학일자리플러스사업팀,진로 및 취업상담,054-703-7701
대학일자리플러스사업팀,대학일자리플러스사업팀,재학생 맞춤형 고용서비스 컨설턴트,054-703-7334
대학일자리플러스사업팀,대학일자리플러스사업팀,컨설턴트,054-703-7335
대학일자리플러스사업팀,대학일자리플러스사업팀,진로 및 취업상담,054-703-7700
대학일자리플러스사업팀,대학일자리플러스사업팀,"취업상담, 취업추천 및 알선, 기업네트워크 구축",054-770-2832
4MulaOne사업단,4MulaOne사업단,산학기획,054-740-4797
RISE사업팀,RISE사업팀,산학협력팀 / RISE사업팀 업무 총괄,054-770-2611
RISE사업팀,RISE사업팀,산학기획,054-740-4797
RISE사업팀,RISE사업팀,K-U시티 담당자,054-770-2210
IR센터,IR센터,"대외평가,감사",770-2843
IR센터,IR센터,정보공시,770-2845
IR센터,IR센터,"성과평가 운영, 내부감사, 공사 및 용역 검수, 입시공정관리, CS(QnA, e민원, 국민신문고)",054-770-2844
IR센터,IR센터,"데이터 분석, IR센터 업무 지원",054-770-2486
IR센터,IR센터,IR센터,054-770-2840
정각원 행정팀,정각원 행정팀,"건학위원회 행정팀 - 대학생전법, 건학이념구현 행사 기획 / 정각원 행정팀 - 종무업무 총괄","770-2094(건학위원회), 770-2915(정각원)"
정각원 행정팀,정각원 행정팀,WISE건학위원회 사무국 행정업무 / 선센터 행정업무,054-770-2095
정각원 행정팀,정각원 행정팀,정각원행정팀 일반서무/각종 불교행사/신행교육/신행활동 관리,054-770-2924
정각원 행정팀,정각원 행정팀,"각종 기도접수, 법당 운영관리, 각종 신행증명서 발급, 교무금 접수, 불교행사 지원",054-770-2016
전략예산팀,전략예산팀,예산 편성 및 분석,770-2020
전략예산팀,전략예산팀,발전계획/직제/운영정원,770-2019
전략예산팀,전략예산팀,"대학 특성화 사업, 규정 관리 등",770-2022
전략예산팀,전략예산팀,예산 통제 및 조정,770-2021
경영평가실,경영평가실,"대외평가,감사",770-2843
경영평가실,경영평가실,정보공시,770-2845
경영평가실,경영평가실,"성과평가 운영, 내부감사, 공사 및 용역 검수, 입시공정관리, CS(QnA, e민원, 국민신문고)",054-770-2844
경영평가실,경영평가실,"데이터 분석, IR센터 업무 지원",054-770-2486
경영평가실,경영평가실,IR센터,054-770-2840
교육혁신팀,교육혁신팀,교육혁신팀 업무 총괄,054-770-2035
교육혁신팀,교육혁신팀,교무기획,054-770-2036
교육혁신팀,교육혁신팀,전공교육과정,054-770-2038
교육혁신팀,교육혁신팀,"학적(휴복학/졸업/전과/재입학 제적 등) 관리, 다전공/디그리(신청/포기), 국내 학점교류, 사후승인 성적인정",054-770-2037
교육혁신팀,교육혁신팀,"학부 수업, 성적, 강의료, 전자출결, 강의실",054-770-2039
교육혁신팀,교육혁신팀,학부교육실태조사,054-770-2812
교육역량개발센터,교육역량개발센터,교육역량개발센터 행정업무,054-770-2814
교육역량개발센터,교육역량개발센터,학부교육실태조사,054-770-2812
교육역량개발센터,교육역량개발센터,"비교과 교육과정, 학생역량통합관리시스템",054-770-2810
교육역량개발센터,교육역량개발센터,전공 교육과정 질 관리 지원,054-770-2815
교수학습개발센터,교수학습개발센터,"교수학습개발센터 업무 기획, 교수법 지원",770-2043
교수학습개발센터,교수학습개발센터,학습법 지원,054-770-2983
교수학습개발센터,교수학습개발센터,원격수업 지원,054-770-2960
교원인사실,교원인사실,교원인사실 업무총괄,770-2925
교원인사실,교원인사실,전임교원 인사,054-770-2926
교원인사실,교원인사실,비전임교원/강사/조교 인사,770-2928
교원인사실,교원인사실,"교원업적평가, 교내연구비지원, 연구년관리",054-770-2927
교원인사실,교원인사실,제증명 발급 및 업무보조,770-2929
학사지원서비스팀,학사지원서비스팀,"-학사지원서비스팀(통합학사운영실) 업무 총괄, -대학 교직관련 업무 총괄(전담)",770-2773
학사지원서비스팀,학사지원서비스팀,글로컬에너지대학 학부 학사관리(성적/장학/비교과),054-770-2778
학사지원서비스팀,학사지원서비스팀,대학장 업무지원 및 부서 일반 서무,770-2768
학사지원서비스팀,학사지원서비스팀,글로컬문화융합대학 학부 수업 및 학사관리(비교과),054-703-7325
학사지원서비스팀,학사지원서비스팀,"간호대학 간호학과 학부 수업 및 학사관리 <수업, 성적, 장학, 인사(비전임/강사), 비교과>",054-770-2757
학사지원서비스팀,학사지원서비스팀,"글로컬문화융합대학 ‘사회-상경계열 학과’ 학사관리(학적) <행정·경찰공공학부, 사회복지학과, 아동청소년교육학과, 항공서비스무역학과, 융합경영학부 (경영/회계/정보), 호텔관광경영학부(호텔/조리) , 보건의료정보학과>",054-770-2774
학사지원서비스팀,학사지원서비스팀,일반 업무 지원,770-7325
학사지원서비스팀,학사지원서비스팀,불교문화대학 학사,770-2760
학사지원서비스팀,학사지원서비스팀,"글로컬문화융합대학 ‘인문-예체능계열 학과’ 학사관리(수업/인사 등) <인문콘텐츠학부(웹문예/국사), 고고미술사학과, 글로벌어문학부(영문/일문/중문), 디자인미술학과, 스포츠건강과학부(스포츠과학/의학/엘리트), 조경・정원디자인학과, 뷰티아트산업학과>",770-2761
학사지원서비스팀,학사지원서비스팀,"글로컬문화융합대학 ‘사회-상경계열 학과’ 학사관리(수업/인사 등) <행정·경찰공공학부, 사회복지학과, 아동청소년교육학과, 항공서비스무역학과, 융합경영학부 (경영/회계/정보), 호텔관광경영학부(호텔/조리) , 보건의료정보학과>",054-770-2775
학사지원서비스팀,학사지원서비스팀,"글로컬문화융합대학 ‘사회-상경계열 학과’ 학사관리(수업/인사 등) <행정·경찰공공학부, 사회복지학과, 아동청소년교육학과, 항공서비스무역학과, 융합경영학부 (경영/회계/정보), 호텔관광경영학부(호텔/조리) , 보건의료정보학과>",770-2774
학사지원서비스팀,학사지원서비스팀,글로컬에너지대학 학부 학사관리(학적/인사),770-2759
학사지원서비스팀,학사지원서비스팀,글로컬에너지대학 학부 학사관리(수업/예산),770-2758
학사지원서비스팀,학사지원서비스팀,"대학 교직관련 업무(전담), 교원양성기관 역량진단 평가, 글로컬문화융합대학 사범교육학부 수업 및 학사관리",770-2755
학사지원서비스팀,학사지원서비스팀,"간호대학 간호학과 학부 수업 및 학사관리 <학적, 교육과정, 졸업, 인사(전임), 학생회/동아리, 일반행정/서무)>",770-2772
학사지원서비스팀,학사지원서비스팀,"글로컬문화융합대학 ‘인문-예체능계열 학과’ 학사관리<학적/예산(실험실습비)> , <인문콘텐츠학부(웹문예/국사), 고고미술사학과, 글로벌어문학부(영문/일문/중문), 디자인미술학과, 스포츠건강과학부(스포츠과학/의학/엘리트), 조경・정원디자인학과, 뷰티아트산업학과>",770-2776
학사지원서비스팀,학사지원서비스팀,"글로컬문화융합대학 ‘사회-상경계열 학과’ 학사관리(수업/인사 등) <행정·경찰공공학부, 사회복지학과, 아동청소년교육학과, 항공서비스무역학과, 융합경영학부 (경영/회계/정보), 호텔관광경영학부(호텔/조리) , 보건의료정보학과>",770-2763
학사지원서비스팀,학사지원서비스팀,글로컬문화융합대학 ‘인문-예체능계열 학과’ 학사관리<수업업무> 지원,770-2770
학사지원서비스팀,학사지원서비스팀,"불교문화대학 소속 학부 수업 및 학사관리 지원 <불교학부(불교학부/불교문화콘텐츠), 명상심리상담학과, 한국음악과>",054-770-2766
학사지원서비스팀,학사지원서비스팀,-대학 교직관련 업무 지원 -글로컬문화융합대학 사범교육학부 수업 및 학사관리 지원,054-770-2771
학사지원서비스팀,학사지원서비스팀,글로컬문화융합대학 ‘사회-상경계열 학과’ 학사관리(수업업무) 지원,054-770-2762
학사지원서비스팀,학사지원서비스팀,글로컬문화융합대학 ‘인문-예체능계열 학과’ 학사관리<학적업무> 지원,054-770-2756
학사지원서비스팀,학사지원서비스팀,글로컬에너지대학 학부 수업 및 학사관리 지원,054-770-2767
학사지원서비스팀,학사지원서비스팀,글로컬문화융합대학 ‘사회-상경계열 학과’ 학사관리(학적업무) 지원,054-770-2769
학사지원서비스팀,학사지원서비스팀,중문과정 운영 학과 업무 지원,054-770-2780
학사지원서비스팀,학사지원서비스팀,글로컬에너지대학 학부 수업 및 학사관리 지원,054-770-2764
대학원교학팀,대학원교학팀,대학원 업무,054-770-2334
대학원교학팀,대학원교학팀,일반/특수대학원 학사업무지원,054-770-2350
대학원교학팀,대학원교학팀,일반대학원 학사관리,054-770-2357
대학원교학팀,대학원교학팀,사회과학대학원 학사관리,054-770-2093
대학원교학팀,대학원교학팀,불교문화대학원 학사관리,054-770-2395
취업지원센터,취업지원센터,"재학생 맞춤형 고용서비스 사업, 맞춤형 취업컨설팅사업, 공공인재 양성반",054-770-2053
취업지원센터,취업지원센터,대학일자리플러스사업 운영,054-770-2052
취업지원센터,취업지원센터,"졸업생특화프로그램 사업, 취업통계조사, 현장실습학기제, 학과역량/교원업적 평가, 기업(관) 신규협약 체결",054-770-2054
취업지원센터,취업지원센터,"대학일자리플러스센터 사업운영 / 진로 및 취업상담, 비교과 프로그램 운영",740-4989
취업지원센터,취업지원센터,"진로 및 취업상담, 비교과 운영, 데이터 관리, 홍보채널 관리",740-4987
취업지원센터,취업지원센터,"진로 및 취업상담, 비교과 운영, 거점형 프로그램, 홍보 서포터즈",740-4986
취업지원센터,취업지원센터,"진로 및 취업상담, 비교과 운영, 지역거버넌스, 홍보대장 관리",054-740-4985
취업지원센터,취업지원센터,"진로 및 취업상담, 비교과 운영, 상담 및 찾아가는 취업서비스 데이터 관리",0547404988
취업지원센터,취업지원센터,"진로 및 취업상담, 비교과 운영, 청년고용정책, 구성원역량강화",054-740-4990
취업지원센터,취업지원센터,대학일자리플러스센터/재학생맞춤형고용서비스 총괄/점프업,054-703-7333
취업지원센터,취업지원센터,대학일자리플러스센터/ 재학생맞춤형고용서비스사업 행정지원,054-703-7332
취업지원센터,취업지원센터,대학일자리플러스센터/재학생맞춤형고용서비스사업 행정지원,054-703-7331
취업지원센터,취업지원센터,대학일자리플러스센터/재학생맞춤형고용서비스사업 점프업,054-703-7336
취업지원센터,취업지원센터,대학일자리플러스센터/재학생맞춤형고용서비스 점프업,054-703-7703
취업지원센터,취업지원센터,진로 및 취업상담,054-703-7701
취업지원센터,취업지원센터,재학생 맞춤형 고용서비스 컨설턴트,054-703-7334
취업지원센터,취업지원센터,컨설턴트,054-703-7335
취업지원센터,취업지원센터,진로 및 취업상담,054-703-7700
취업지원센터,취업지원센터,"취업상담, 취업추천 및 알선, 기업네트워크 구축",054-770-2832
학생서비스팀,학생서비스팀,학생서비스팀 업무 총괄,770-2045
학생서비스팀,학생서비스팀,"교내장학, 교외장학(지자체, 사설및기타)",770-2047
학생서비스팀,학생서비스팀,"학생 업무, 장애학생지원센터 업무",054-770-2046
학생서비스팀,학생서비스팀,국가장학업무 / 학자금대출 업무,054-770-2048
학생서비스팀,학생서비스팀,"참사람재능나눔센터/대학생청소년교육지원, 학생복지",054-770-2150
학생서비스팀,학생서비스팀,"국가근로 및 봉사, CS업무",054-770-2151
학생상담센터,학생상담센터,개인상담/심리검사/재학생정서평가(K-BASC-2)/학군단상담/생활상담연구,054-770-2951
학생상담센터,학생상담센터,"수기공모전, 대학생활적응진단(D-CAT), 마음인드라망 집단상담, 연구위원회 운영",054-740-4974
학생상담센터,학생상담센터,"집단상담, 상담역량증진프로그램, 또래 Together",054-770-2952
학생상담센터,학생상담센터,"위기개입 및 관리, 대학혁신지원사업 관리, 단과대학 평가, 디지털심리검사실, 학생상담센터 홍보, 자기치유 프로그램",054-740-4975
현장실습지원센터,현장실습지원센터,"재학생 맞춤형 고용서비스 사업, 맞춤형 취업컨설팅사업, 공공인재 양성반",054-770-2053
현장실습지원센터,현장실습지원센터,대학일자리플러스사업 운영,054-770-2052
현장실습지원센터,현장실습지원센터,"졸업생특화프로그램 사업, 취업통계조사, 현장실습학기제, 학과역량/교원업적 평가, 기업(관) 신규협약 체결",054-770-2054
현장실습지원센터,현장실습지원센터,현장실습업무 지원,054-770-2056
참사람사회공헌센터,참사람사회공헌센터,학생서비스팀 업무 총괄,770-2045
참사람사회공헌센터,참사람사회공헌센터,전공교육과정,054-770-2038
참사람사회공헌센터,참사람사회공헌센터,국가장학업무 / 학자금대출 업무,054-770-2048
장애학생지원센터,장애학생지원센터,학생서비스팀 업무 총괄,770-2045
장애학생지원센터,장애학생지원센터,"학생 업무, 장애학생지원센터 업무",054-770-2046
총무처,총무처,총무처,054-770-2060
총괄지원팀,총괄지원팀,총괄지원팀 실무업무 총괄,054-770-2061
총괄지원팀,총괄지원팀,"구매(1,000만원 초과) 공사,용역,물품",054-770-2065
총괄지원팀,총괄지원팀,"직원(정규직)인사, 급여, 노무관리, 외부문서 발송",054-770-2062
총괄지원팀,총괄지원팀,"직원 교육, 계약직 인사관리, 개인정보보호 업무, 형산강 연등문화축제 등",054-770-2088
총괄지원팀,총괄지원팀,"구매(산단회계), 직인 관수",054-770-2064
총괄지원팀,총괄지원팀,각학과 수업지원버스 업무,010 7420 7787
총괄지원팀,총괄지원팀,"사회보험, 교직원공제회, 사학연금, 단체보험",054-770-2063
시설안전팀,시설안전팀,"자산, 복지매장",770-2078
시설안전팀,시설안전팀,공간,054-770-2081
시설안전팀,시설안전팀,건축,054-770-2082
시설안전팀,시설안전팀,조경,770-2085
시설안전팀,시설안전팀,"실험실안전, 실험실 안전환경관리자(전담), 교직원아파트",770-2077
시설안전팀,시설안전팀,"청소,대관, 콘도,게시물관리",770-2080
시설안전팀,시설안전팀,기관설비,770-2542
시설안전팀,시설안전팀,전기시설물 유지 보수,054-770-2541
재무회계팀,재무회계팀,"실무총괄,세무(원천세),연말정산,법인카드",054-770-2067
재무회계팀,재무회계팀,"등록, 환불",054-770-2071
재무회계팀,재무회계팀,"지출, 결산",054-770-2068
재무회계팀,재무회계팀,"수입, 출납, 세무",054-770-2070
대외협력실,대외협력실,대외협력업무 총괄,054-770-2098
대외협력실,대외협력실,기금관리 및 운용,770-2101
대외협력실,대외협력실,"기금관리, 학과/기업 모금",2200
입학관리실,입학관리실,업무총괄,054-770-2030
입학관리실,입학관리실,신입학 전형관리,054-770-2033
입학관리실,입학관리실,"학생부종합전형, 일반대학원, 서무",054-770-2034
입학관리실,입학관리실,입학사정관,054-770-2986
입학관리실,입학관리실,입학사정관,054-770-2027
입학관리실,입학관리실,입학사정관,054-740-4994
입학관리실,입학관리실,입학사정관,054-740-4993
입학관리실,입학관리실,고교교육 기여대학 지원사업 e-나라도움 시스템 운영지원/ 예산 집행 모니터링 및 지원/ 입학사정관 인건비 관리 지원/ 입시 홍보 프로그램 운영 지원/ 결과보고서 작성지원/ 기타 사업 운영관리 지원에 필요한 제반업무,054-740-4978
입학관리실,입학관리실,조교,054-770-2026
산학기획실,산학기획실,산학기획,054-740-4797
산학협력팀,산학협력팀,산학협력팀 / RISE사업팀 업무 총괄,054-770-2611
산학협력팀,산학협력팀,산학기획,054-740-4797
산학협력팀,산학협력팀,"산학협력팀 자체직원인사, 예산계획 수립 및 집행, 비전임교원 운영, 위원회 운영",054-770-2612
산학협력팀,산학협력팀,외부연구과제 총괄.연구통계.연구업적,054-770-2856
산학협력팀,산학협력팀,"외부연구과제관리[한국연구재단, 정보통신기획평가원, 한국원자력연구원, LINC3.0사업] 자산",054-770-2613
산학협력팀,산학협력팀,공동활용장비센터 생명윤리심의위원회 동물실험위원회,054-770-2628
산학협력팀,산학협력팀,"급여 및 4대보험 관리, 연구과제 프로젝트 계약직 교육 지원, 외부연구비 과제 관리 및 지원",054-770-2855
산학협력팀,산학협력팀,외부연구과제 관리,054-770-2614
회계감사팀,회계감사팀,"실무총괄,세무(원천세),연말정산,법인카드",054-770-2067
회계감사팀,회계감사팀,산학협력단 회계.세무.결산.연구비감사,054-770-2069
벤처창업보육센터,벤처창업보육센터,재학생 창업교육 지원,770-2852
기업협업센터,기업협업센터,산학기획,054-740-4797
창업교육센터,창업교육센터,재학생 창업교육 지원,770-2852
공동활용장비센터,공동활용장비센터,"산학협력팀 자체직원인사, 예산계획 수립 및 집행, 비전임교원 운영, 위원회 운영",054-770-2612
공동활용장비센터,공동활용장비센터,공동활용장비센터 생명윤리심의위원회 동물실험위원회,054-770-2628
이민자사회통합센터,이민자사회통합센터,"법무부 사회통합프로그램 -한국어 교육 및 한국사회이해 강의 지원,조기적응프로그램, 대학연계 교육",054-770-2962
CAMPUS Asia-AIMS 사업단,CAMPUS Asia-AIMS 사업단,CAMPUS Asia-AIMS프로젝트 코디네이터,
의무산학협력팀,의무산학협력팀,"교육부 및 과기부 연구과제관리, 연구노트, 학생인건비",0547037852
국제교류팀,국제교류팀,국제화 발전계획 수립 및 추진,054-770-2881
국제교류팀,국제교류팀,국제교육 및 외국인유학생 관리,770-2847
국제교류팀,국제교류팀,유학생 입학,770-2877
국제교류팀,국제교류팀,국제교류,770-2882
국제교류팀,국제교류팀,"한국어연수과정 운영, 유학생 비자 업무, 유학생 입학 지원",054-770-2875
국제교류팀,국제교류팀,유학생 비자 업무,054-770-2849
국제교류팀,국제교류팀,유학생 관리,770-2876
국제교류팀,국제교류팀,"외국인 유학생 입학, 국제교류 및 교환학생 업무 지원(베트남)",770-2884
국제교류팀,국제교류팀,"외국인 유학생 입학, 국제교류 및 교환학생 업무 지원(중화권)",054-770-2883
국제학생지원센터,국제학생지원센터,국제화 발전계획 수립 및 추진,054-770-2881
국제학생지원센터,국제학생지원센터,국제교육 및 외국인유학생 관리,770-2847
국제학생지원센터,국제학생지원센터,유학생 관리,770-2876
국제학생교육센터,국제학생교육센터,국제화 발전계획 수립 및 추진,054-770-2881
국제학생교육센터,국제학생교육센터,국제교육 및 외국인유학생 관리,770-2847
교양융합팀,교양융합팀,교양융합팀업무총괄,770-2886
교양융합팀,교양융합팀,"교양교육과정운영,교양시간표,사회봉사",054-770-2953
교양융합팀,교양융합팀,"자유전공학부 학사업무, 교양융합교육원 교원인사업무,토익위원회업무",2954
교양융합팀,교양융합팀,외국어교육부 담당,770-2892
교양융합팀,교양융합팀,글로컬인재학부,054-770-2891
평생교육원 학사운영실,평생교육원 학사운영실,▶평생교육 총괄 업무 ▶학점은행제 과정 운영 관리 ▶일반학습과정 운영 관리 ▶자격증 과정 운영 관리 ▶지산학 연계 교육과정 기획 및 운영 ▶운영위원회 및 소관 위원회 운영,054-770-2552
평생교육원 학사운영실,평생교육원 학사운영실,"학점은행제 운영, 자연환경해설사 양성과정 운영, 민간자격증과정 운영",054-770-2554
평생교육원 학사운영실,평생교육원 학사운영실,"일반학습과정운영지원, 외부기관연계프로그램지원, 주말농장",054-770-2553
평생교육원 학사운영실,평생교육원 학사운영실,「2025 경주 APEC 시민대학」 운영지원,054-770-2551
학술정보팀,학술정보팀,"업무총괄, 서버, 네트워크, 통신",770-2481
학술정보팀,학술정보팀,도서관 기획 및 교사자료 관리,770-2490
학술정보팀,학술정보팀,"연구, 사회봉사,교직,취업,학생,병무,모의시험, 그룹웨어, 학과기관홈페이지,정보화기기, 실습실",770-2489
학술정보팀,학술정보팀,"학사, 대학원학사",770-2485
학술정보팀,학술정보팀,"스마트 메시지, 클라우드 운영",770-2484
학술정보팀,학술정보팀,"수서(단행본/전자자료), 도서관 통계·평가",770-2451
학술정보팀,학술정보팀,"도서관 참고도서실, 선정(단행본/비도서), 시설물(열람실 등) 관리",770-2455
학술정보팀,학술정보팀,"원문복사 및 상호대차(RISS) 서비스, 전자자료 이용 안내 및 이용자 교육, 학위논문, 수증도서 수서·분류·편목 / 자료분류편목, 도서관인포메이션센터",770-2456
학술정보팀,학술정보팀,"도서관 일반도서실, 도서관회원제(졸업생, 일반인) 운영 관리",770-2910
학술정보팀,학술정보팀,"신간/예약/분실/연체 도서 관리, 이용권한 및 도서 미납자/졸업 (예정자) 관리, 시설예약 관리",770-2457
학술정보팀,학술정보팀,"자료분류편목, 도서관인포메이션센터",770-2454
AS센터(구),AS센터(구),정보화기기 유지보수,054-770-2487
보건진료센터,보건진료센터,학교보건,770-2466
관리팀,관리팀,"생활관 회계, 등록/환불, 관생선발, 게스트룸 관리",054-779-0108
관리팀,관리팀,영선,054-779-0112
관리팀,관리팀,영선,054-779-0102
대학미디어팀,대학미디어팀,"사진, 교내 신문사 방송국지원",770-2057
대학미디어팀,대학미디어팀,대학미디어팀 일반 행정업무,054-770-2470
직장예비군연대,직장예비군연대,예비군 전출입신고업무 및 교육훈련 / 병무상담 / 직장민방위(공) / 학군단예산집행 및 회계관리,054-770-2075
선센터,선센터,WISE건학위원회 사무국 행정업무 / 선센터 행정업무,054-770-2095
선센터,선센터,"선센터 교과(비교과)수업 관리 및 운영지원, 대학혁신지원사업 사업비 집행 관리 및 지원",054-770-2701
불교사회문화연구원,불교사회문화연구원,불교사회문화연구원 행정업무,054-770-2506
예술문화진흥연구소,예술문화진흥연구소,학과장,054-770-2203
전자상거래연구소,전자상거래연구소,경영학부 정보경영학과,770-2344
직원노동조합,직원노동조합,"자유전공학부 학사업무, 교양융합교육원 교원인사업무,토익위원회업무",2954
직원노동조합,직원노동조합,WISE건학위원회 사무국 행정업무 / 선센터 행정업무,054-770-2095
직원노동조합,직원노동조합,"산학협력팀 자체직원인사, 예산계획 수립 및 집행, 비전임교원 운영, 위원회 운영",054-770-2612
직원노동조합,직원노동조합,국가장학업무 / 학자금대출 업무,054-770-2048
직원노동조합,직원노동조합,"글로컬문화융합대학 ‘인문-예체능계열 학과’ 학사관리(수업/인사 등) <인문콘텐츠학부(웹문예/국사), 고고미술사학과, 글로벌어문학부(영문/일문/중문), 디자인미술학과, 스포츠건강과학부(스포츠과학/의학/엘리트), 조경・정원디자인학과, 뷰티아트산업학과>",770-2761
직원노동조합,직원노동조합,"청소,대관, 콘도,게시물관리",770-2080
직원노동조합,직원노동조합,기관설비,770-2542
학군단,학군단,학군단 업무 총괄,770 2536
학군단,학군단,"학군사관후보생 교내교육 및 훈육, 입영훈련간 전문교관 임무수행",770-2538
학군단,학군단,예비군 전출입신고업무 및 교육훈련 / 병무상담 / 직장민방위(공) / 학군단예산집행 및 회계관리,054-770-2075
명상심리상담학과,명상심리상담학과,"불교문화대학 소속 학부 수업 및 학사관리 지원 <불교학부(불교학부/불교문화콘텐츠), 명상심리상담학과, 한국음악과>",054-770-2766
한국음악과,한국음악과,학과장,054-770-2203
한국음악과,한국음악과,불교문화대학 한국음악과 행정업무,054-770-2509
불교문화대학(원)학사운영실,불교문화대학(원)학사운영실,불교문화대학 학사,770-2760
과학기술대학·사범교육대학 학사운영실,과학기술대학·사범교육대학 학사운영실,"글로컬문화융합대학 ‘사회-상경계열 학과’ 학사관리(수업/인사 등) <행정·경찰공공학부, 사회복지학과, 아동청소년교육학과, 항공서비스무역학과, 융합경영학부 (경영/회계/정보), 호텔관광경영학부(호텔/조리) , 보건의료정보학과>",054-770-2775
과학기술대학·사범교육대학 학사운영실,과학기술대학·사범교육대학 학사운영실,"글로컬문화융합대학 ‘사회-상경계열 학과’ 학사관리(수업/인사 등) <행정·경찰공공학부, 사회복지학과, 아동청소년교육학과, 항공서비스무역학과, 융합경영학부 (경영/회계/정보), 호텔관광경영학부(호텔/조리) , 보건의료정보학과>",770-2774
과학기술대학·사범교육대학 학사운영실,과학기술대학·사범교육대학 학사운영실,글로컬에너지대학 학부 학사관리(수업/예산),770-2758
과학기술대학·사범교육대학 학사운영실,과학기술대학·사범교육대학 학사운영실,"대학 교직관련 업무(전담), 교원양성기관 역량진단 평가, 글로컬문화융합대학 사범교육학부 수업 및 학사관리",770-2755
생명신소재융합학부,생명신소재융합학부,행정업무,054-770-2517
신소재화학전공,신소재화학전공,행정업무,054-770-2517
신소재화학과,신소재화학과,행정업무,054-770-2517
컴퓨터공학과,컴퓨터공학과,행정조교,770-2522
컴퓨터공학과,컴퓨터공학과,학사 행정조교,054-770-2523
컴퓨터공학전공,컴퓨터공학전공,행정조교,770-2522
컴퓨터공학전공,컴퓨터공학전공,학사 행정조교,054-770-2523
사회과학대학원·인문대학·사회대학 학사운영실,사회과학대학원·인문대학·사회대학 학사운영실,불교문화대학 학사,770-2760
사회과학대학원·인문대학·사회대학 학사운영실,사회과학대학원·인문대학·사회대학 학사운영실,"글로컬문화융합대학 ‘인문-예체능계열 학과’ 학사관리(수업/인사 등) <인문콘텐츠학부(웹문예/국사), 고고미술사학과, 글로벌어문학부(영문/일문/중문), 디자인미술학과, 스포츠건강과학부(스포츠과학/의학/엘리트), 조경・정원디자인학과, 뷰티아트산업학과>",770-2761
사회과학대학원·인문대학·사회대학 학사운영실,사회과학대학원·인문대학·사회대학 학사운영실,글로컬에너지대학 학부 학사관리(학적/인사),770-2759
경영학전공,경영학전공,(중문과정) 대학원 및 학부 협조,054-770-4760
경영학전공,경영학전공,글로컬문화융합대학 ‘사회-상경계열 학과’ 학사관리(학적업무) 지원,054-770-2769
경영학전공,경영학전공,(중문과정) 학부 수업 및 학생관리,054-770-2863
경영학전공,경영학전공,(중문과정) 학부 졸업 및 학생관리,054-770-2862
회계학전공,회계학전공,글로컬문화융합대학 ‘사회-상경계열 학과’ 학사관리(학적업무) 지원,054-770-2769
정보경영학전공,정보경영학전공,글로컬문화융합대학 ‘사회-상경계열 학과’ 학사관리(학적업무) 지원,054-770-2769
경영학부,경영학부,경영학부 정보경영학과,770-2344
글로벌경제통상학부,글로벌경제통상학부,항공서비스무역학과 학과장,054-770-2315
글로벌경제통상학부,글로벌경제통상학부,학적 & 수업 & 성적,054-770-2388
글로벌경제통상학부,글로벌경제통상학부,글로컬인재학부,054-770-2891
글로벌경제통상학부,글로벌경제통상학부,예산 & 회계 & 빌드업,054-770-2319
호텔관광외식경영학부,호텔관광외식경영학부,조리외식경영학전공 행정조교,054-770-2818
항공서비스무역학과,항공서비스무역학과,"외국인 유학생 입학, 국제교류 및 교환학생 업무 지원(베트남)",770-2884
항공서비스무역학과,항공서비스무역학과,학적 & 수업 & 성적,054-770-2388
항공서비스무역학과,항공서비스무역학과,글로컬인재학부,054-770-2891
항공서비스무역학과,항공서비스무역학과,예산 & 회계 & 빌드업,054-770-2319
호텔관광경영학부,호텔관광경영학부,조리외식경영학전공 행정조교,054-770-2818
경영대학원.상경대학 학사운영실,경영대학원.상경대학 학사운영실,일반 업무 지원,770-7325
경영대학원.상경대학 학사운영실,경영대학원.상경대학 학사운영실,"글로컬문화융합대학 ‘사회-상경계열 학과’ 학사관리(수업/인사 등) <행정·경찰공공학부, 사회복지학과, 아동청소년교육학과, 항공서비스무역학과, 융합경영학부 (경영/회계/정보), 호텔관광경영학부(호텔/조리) , 보건의료정보학과>",054-770-2775
디자인미술학과,디자인미술학과,"불교미술, 문화산업디자인 조교",054-770-2511
자동차소재부품공학과,자동차소재부품공학과,자동차소재부품공학과 행정조교,054-770-2746
글로컬혁신공학부,글로컬혁신공학부,자동차소재부품공학과 행정조교,054-770-2746
안전보건전공,안전보건전공,글로컬에너지대학 학부 학사관리(학적/인사),770-2759
소방방재전공,소방방재전공,글로컬에너지대학 학부 학사관리(학적/인사),770-2759
자동차소재부품공학전공,자동차소재부품공학전공,자동차소재부품공학과 행정조교,054-770-2746
경영학과,경영학과,(중문과정) 대학원 및 학부 협조,054-770-4760
경영학과,경영학과,(중문과정) 학부 수업 및 학생관리,054-770-2863
경영학과,경영학과,(중문과정) 학부 졸업 및 학생관리,054-770-2862
중어중문학과,중어중문학과,중문과정 행정조교,054-703-7211
중어중문학과,중어중문학과,행정조교,054-770-2141
사회복지학과,사회복지학과,행정 조교,054-770-2513
항공서비스무역학과,항공서비스무역학과,항공서비스무역학과 학과장,054-770-2315
융합경영학부,융합경영학부,(중문과정) 대학원 및 학부 협조,054-770-4760
융합경영학부,융합경영학부,(중문과정) 학부 수업 및 학생관리,054-770-2863
융합경영학부,융합경영학부,(중문과정) 학부 졸업 및 학생관리,054-770-2862
정보경영학과,정보경영학과,경영학부 정보경영학과,770-2344
조리외식경영학전공,조리외식경영학전공,조리외식경영학전공 행정조교,054-770-2818
사범교육학부,사범교육학부,"수업, 학생상담 등 학과의 모든 업무",0547702173
사범교육학부,사범교육학부,교육역량개발센터 업무 총괄,054-770-2265
사범교육학부,사범교육학부,-대학 교직관련 업무 지원 -글로컬문화융합대학 사범교육학부 수업 및 학사관리 지원,054-770-2771
유아교육과,유아교육과,"수업, 학생상담 등 학과의 모든 업무",0547702173
유아교육과,유아교육과,학과 행정업무,054-770-2507
가정교육과,가정교육과,행정조교,054-770-2527
보건의료정보학과,보건의료정보학과,행정조교,054-770-2977
뷰티메디컬학과,뷰티메디컬학과,행정조교,054-770-2565
바이오제약공학과,바이오제약공학과,조교,054-770-2519
전자ㆍ정보통신공학과,전자ㆍ정보통신공학과,중문과정,054-770-2606
전략기획팀(의),전략기획팀(의),"직제, 정원, 성과평가, 감사, 일반기획",031-961-5713
대학기획팀(의),대학기획팀(의),교원 인사,031-961-5735
의무산학협력팀(의),의무산학협력팀(의),"지식재산권 및 기술 사업화, 교원창업지원업무, 갭펀드",031-961-5742
의무산학협력팀(의),의무산학협력팀(의),"연구과제관리(한국보건산업진흥원), 자산관리",0319615746
의무산학협력팀(의),의무산학협력팀(의),"연구기획(대형국책사업,교내연구비지원,논문실적), 감사 및 회의자료",031-961-5743
의무산학협력팀(의),의무산학협력팀(의),"교육부 및 과기부 연구과제관리, 연구노트, 학생인건비",0547037852
경상북도 감염병관리지원단,경상북도 감염병관리지원단,발생감시팀,054-805-8030
의과대학 학사운영실(일반대학원(의)),의과대학 학사운영실(일반대학원(의)),외부사업,054-770-2827
의과대학 학사운영실(일반대학원(의)),의과대학 학사운영실(일반대학원(의)),학사운영 총괄,054-770-2446
의과대학 학사운영실(일반대학원(의)),의과대학 학사운영실(일반대학원(의)),학사,054-770-2826
의과대학 학사운영실(일반대학원(의)),의과대학 학사운영실(일반대학원(의)),연구실안전관리/생물안전관리/연구/공용실험실관리/민원,054-770-2444
의과대학 학사운영실(일반대학원(의)),의과대학 학사운영실(일반대학원(의)),의과대학 임상술기,031-961-5814
의과대학 학사운영실(일반대학원(의)),의과대학 학사운영실(일반대학원(의)),신의학관 프로젝트 총괄업무,054-770-2445
의과대학 학사운영실(일반대학원(의)),의과대학 학사운영실(일반대학원(의)),신의학관 프로젝트 지원업무,054-770-2399
한의과대학 학사운영실(일반대학원(의)),한의과대학 학사운영실(일반대학원(의)),학사업무,031-961-5822
한의과대학 학사운영실(일반대학원(의)),한의과대학 학사운영실(일반대학원(의)),임상술기,031-961-5842
한의과대학 학사운영실(일반대학원(의)),한의과대학 학사운영실(일반대학원(의)),"학사 및 대학원 업무, 상담, 장학, 실습비, 부서서무",054-770-2365
한의과대학 학사운영실(일반대학원(의)),한의과대학 학사운영실(일반대학원(의)),"인사,업적,대내외평가,조교관리,연구",01045230812
한의학연구소,한의학연구소,연구,031-961-5841
한의학과,한의학과,진료,054-770-2656
한의과대학학사운영실,한의과대학학사운영실,학사업무,031-961-5822
한의과대학학사운영실,한의과대학학사운영실,임상술기,031-961-5842
한의과대학학사운영실,한의과대학학사운영실,"학사 및 대학원 업무, 상담, 장학, 실습비, 부서서무",054-770-2365
의학과,의학과,미생물학교실 행정,2426
의과대학학사운영실,의과대학학사운영실,외부사업,054-770-2827
의과대학학사운영실,의과대학학사운영실,학사운영 총괄,054-770-2446
의과대학학사운영실,의과대학학사운영실,학사,054-770-2425
의과대학학사운영실,의과대학학사운영실,학사,054-770-2826
의과대학학사운영실,의과대학학사운영실,연구실안전관리/생물안전관리/연구/공용실험실관리/민원,054-770-2444
의과대학학사운영실,의과대학학사운영실,교육지원실 관리,054-770-2428
의과대학학사운영실,의과대학학사운영실,의과대학 임상술기,031-961-5814
의과대학학사운영실,의과대학학사운영실,신의학관 프로젝트 총괄업무,054-770-2445
의과대학학사운영실,의과대학학사운영실,신의학관 프로젝트 지원업무,054-770-2399
통합 HIS 추진단,통합 HIS 추진단,외부사업,054-770-2827
의료원 바이오·의료 연구 사업단,의료원 바이오·의료 연구 사업단,"연구기획(대형국책사업,교내연구비지원,논문실적), 감사 및 회의자료",031-961-5743
사무국,사무국,"연구기관평가, 산학회계 자산등재 및 자산관리, 경주권 기업체 연구과제 관리, 경주권 교내연구과제 관리",054-703-7851
총괄지원팀(경주),총괄지원팀(경주),"인사, 노무, 건학, 서무",054-770-8175
총괄지원팀(경주),총괄지원팀(경주),"교원인사,급여,근태관리",054-770-8105
총괄지원팀(경주),총괄지원팀(경주),직원 급여 및 근태,054-770-8113
시설관리팀(경주),시설관리팀(경주),학사운영 총괄,054-770-2446
원무팀(일행),원무팀(일행),한방교육연구부,0319619003
의료정보팀(일산),의료정보팀(일산),원무프로그램개발,0319617061
연구진흥팀,연구진흥팀,연구진흥업무,031-961-7072
총무부,총무부,"이사회 및 임원, 법인 및 산하기관 인사업무, 징계위원회",02-2260-3005
총무부,총무부,"법인 산하 유치원 및 초,중등학교",02-2260-3006
총무부,총무부,이사장실 비서,02-2260-3001
기획관리부,기획관리부,"분과위원회(교육/의료), 법인감사, 정관 및 산하기관 규정, 소송 및 법률자문, 청탁금지법",02-2260-4913
기획관리부,기획관리부,"법인 예산, 산하기관 예‧결산 업무, 회계감사, 세무, 공익법인 공시",02-2260-3049
기획관리부,기획관리부,법인사무처 회계 및 결산,02-2260-4900
기획관리부,기획관리부,대외협력 및 법인 발전기금관리 업무,02-2260-4902
사무부,사무부,"이사회 및 임원, 법인 및 산하기관 인사업무, 징계위원회",02-2260-3005
분과위원회 지원단,분과위원회 지원단,입학실 업무 총괄,02-2260-3959
분과위원회 지원단,분과위원회 지원단,총무팀업무총괄,02-2260-3071
분과위원회 지원단,분과위원회 지원단,"이사회 및 임원, 법인 및 산하기관 인사업무, 징계위원회",02-2260-3005
동대부가람고,동대부가람고,"급여, 인사",02-2049-1567
동대부속유치원,동대부속유치원,유치원 행정,054-771-1020
학사관리팀,학사관리팀,"학적, 성적, 구매",02-2260-3526
학사관리팀,학사관리팀,"총무, 인사, 규정, 임대",02-2260-3539
학사관리팀,학사관리팀,재무회계,02-2260-3524
입학관리팀,입학관리팀,직접홍보 / 홍보예산 / 서무,02-2260-3530
입학관리팀,입학관리팀,온라인광고 / 주말과정 / 입학상담,02-2260-3534
입학관리팀,입학관리팀,전산 / 홈페이지 / DB,02-2260-3527
학생지원팀,학생지원팀,장학 / 학생 / 진학,02-2260-3525
만해마을수련원 운영팀,만해마을수련원 운영팀,만해마을수련원 운영총괄,033-463-0414
만해마을수련원 운영팀,만해마을수련원 운영팀,"운영관리(객실, 프론트, 조리, 시설), 대외협력, 홍보 / 만해축전 사무국",033-463-0416
만해마을수련원 운영팀,만해마을수련원 운영팀,영양사 관련 업무,033-460-0403
