college_name,department_name,department_url,curriculum_title,curriculum_url,source_type,section_title,record_type,course_code,title,course_name,description,credit,semester,grade,course_type,english_title,raw_text
경영대학,경영정보학과,https://mis.dongguk.edu,교과과정 > 교과목 이수,https://mis.dongguk.edu/page/411,curriculum_page,,crawl_error,,,,,,,,,,error: 'DataFrame' object has no attribute 'applymap'
경영대학,경영학과,https://mgt.dongguk.edu,전공과목 개설 총괄표,https://mgt.dongguk.edu/page/356,curriculum_table,,crawl_error,,,,,,,,,,error: 'DataFrame' object has no attribute 'applymap'
경영대학,회계학과,https://acc.dongguk.edu,학과소개 > 교육과정,https://acc.dongguk.edu/page/365,curriculum_page,,crawl_error,,,,,,,,,,error: 'DataFrame' object has no attribute 'applymap'
공과대학,건설환경공학과,https://civil.dongguk.edu,교과과정/학사소개 > 개설과목,https://civil.dongguk.edu/page/511,curriculum_page,,crawl_error,,,,,,,,,,error: 'DataFrame' object has no attribute 'applymap'
공과대학,건축공학부,https://archi.dongguk.edu,학부과정,https://archi.dongguk.edu/page/548,curriculum_page,,crawl_error,,,,,,,,,,error: 'DataFrame' object has no attribute 'applymap'
공과대학,건축학전공,http://archi.dongguk.edu,학부과정,http://archi.dongguk.edu/page/548,curriculum_page,,crawl_error,,,,,,,,,,error: 'DataFrame' object has no attribute 'applymap'
공과대학,전자전기공학부,https://dee.dongguk.edu,교육과정 > 전공과목 개설 총괄표,https://dee.dongguk.edu/page/633,curriculum_table,,crawl_error,,,,,,,,,,error: 'DataFrame' object has no attribute 'applymap'
공과대학,정보통신공학과,https://ice.dongguk.edu,전공과목 개설총괄표,https://ice.dongguk.edu/page/662,curriculum_table,,crawl_error,,,,,,,,,,error: 'DataFrame' object has no attribute 'applymap'
공과대학,정보통신공학전공,http://ice.dongguk.edu,전공과목 개설총괄표,http://ice.dongguk.edu/page/662,curriculum_table,,crawl_error,,,,,,,,,,error: 'DataFrame' object has no attribute 'applymap'
공과대학,정보통신공학전공,http://ice.dongguk.edu,전공과목 개설총괄표,http://ice.dongguk.edu/page/665,curriculum_table,,crawl_error,,,,,,,,,,error: 'DataFrame' object has no attribute 'applymap'
공과대학,화공생물공학과,https://chembioeng.dongguk.edu,교육과정 > 커리큘럼,https://chembioeng.dongguk.edu/page/672,curriculum_page,,crawl_error,,,,,,,,,,error: Columns with duplicate values are not supported in stack
문과대학,국어국문문예창작학부,https://kor-cre.dongguk.edu,교과목,https://kor-cre.dongguk.edu/page/94,curriculum_page,,crawl_error,,,,,,,,,,error: 'DataFrame' object has no attribute 'applymap'
문과대학,사학과,https://history.dongguk.edu,사학과 > 교과과정,https://history.dongguk.edu/page/97,curriculum_page,사학과 > 교과과정,section_text,,개설강좌,개설강좌,"HIS2027 역사학입문 Introduction to History 역사학의 학문으로서의 성격과 범위, 특성 등을 살펴보고, 접근방법을 소개함으로써 올바른 역사인식의 정립을 목적으로 한다. This class aims to establish the upright historical cognition by means of considerations on the scientific character, scope and peculiarity of history. It also introduces a goal of a historical science and the means of accessing it. HIS2028 역사자료의 이해와 활용 Applied history through Manuscripts 역사전공자로서 역사자료에 대한 이해와 활용을 익히도록 한다. This course aims to survey and understand the history documents and manuscripts, and apply them into the real, useful and practical items. HIS2003 한국고대사 Ancient History of Korea 한국의 선사시대로부터 통일신라시대까지의 역사를 정치, 경제 및 사회, 문화로 나누어 변천과정을 살피되, 민족의 형성과 대륙문화와의 교류에도 유의한다. An examination of korean history from the pre-historic period to the unification of the country by the Silla Dynasty with special attention to the formation of Korean People and cultural Exchanges between the korean Peninsula and Asian continent. HIS2005 한국중세사 Medieval of Korea 통일신라 말기의 역사적 상황을 소개하고 이에 계기되는 고려사회의 성립과정을 살핀다. 이러한 발전과정을 신분 및 토지제도 그리고 권력구조의 상호관계를 분석하여 고려시대사의 특성을 이해하도록 한다. Analyzing the decline of Silla Dynasty and the ascendancy of Goryeo Dynasty in terms of social mobility, land system, and political structure. HIS2013 한국근세사 Modern History of Korea 개항 후 식민지시대까지의 정치, 경제, 사회, 문화 및 대외관계의 발전을 고찰함으로써, 중세사회가 해테되고 근대사회가 성립되는 동시대 역사의 본질을 이해토록 한다. Modern History of Korea aims to help students to understand the periodical shift in the Korean modern times and its historical significance by studying the political, economic, social, cultural and diplomatic developments from the late 19th century to the early 20th century. HIS4035 한국현대사 Contemporary History of Korea 해방 이후 한국 사회의 정치, 경제, 사회, 문화 및 대외관계의 발전을 고찰함으로써 한국 현대사가 어떻게 성립되었으며 어떤 특징을 지니고 있는가를 이해한다. Contemporary History of Korea aims to help students to deepen their understandings on the contemporary history of Korea and its significance by studying the political, economic, social, cultural and diplomatic developments after 1945 liberation of Korea. HIS2004 동양고대사 Ancient History of Asia 동양문화의 원천을 형성하는 양대 지주인 중국과 인도의 사전기 및 고대사회의 성립과 그 발전을 개관하고, 세계사에서의 그 특성을 고찰하여 그것이 한국사에 미친 영향을 더불어 살펴본다. This course deals with Chinese and Indian histories in ancient times; it analyzes and compares the formative processes of the two distinctive societies of China and India, and their influences on Korea. HIS2006 동양중세사 Medieval of Asia 위진남북조 시대로부터 송대 이전까지 중국사에 외래적 요소가 혼입되는 시기를 연구한다. 특히 이민족의 한화와 불교문화의 중국화 과정에 중점을 두어 중국 중세사의 전체적인 흐름을 파악하게 한다. China’s internal development and foreign invasion from the period of Wei-Ching South and North Dynasty to Sung Dynasty, emphasizing adaptation and assimilation of the northern tribes into the mainstream of Chinese culture. HIS4002 동양근세사 Modern History of Asia 송대에서 청 중기까지 정치 , 경제 , 사회 및 문화를 개관하고 동양사에서의 근세라는 특징을 이해하도록 한다 . A survey of the major development in politics, socio-economy and culture from the Sung Dynasty to the mid-Ching period, focusing on the main trends leading to the modern China. HIS4005 동양최근세사 Contemporary History of Asia 아편전쟁 이후의 ‘서구세력의 동진’을 주로 다룬다. 이민족이었던 청조의 내부구조와 그 모순점의 규명 및 서구와 접촉하면서 내적 모순의 폭발과 근대화의 시련과정을 살핀다. interaction in China of Chinese and European people from the Opium War through the 20th century with special attention to the internal struggle over modernization and the Chinese response to the western impact. HIS2002 서양고대사 Ancient History of the West 서양문명의 뿌리라 할 수 있는 그리스 , 로마의 문명에 대해 개관한다. A survey of the ancient civilization of the West, from the Egyptian and Mesopotamian civilization to the classical civilization of Greece and Rome, placing emphasis on the political vicissitudes, cultural development, and religious traditions. HIS2007 서양중세사 Medieval History of the West 로마제국의 멸망에서부터 봉건사회의 성립과 붕괴를 개관한다. 중세 사회에서의 기독교의 역할과 변질에 유의하고, 중세사회의 특성과 근세에 이르는 계기성을 고찰한다. Political , socio-economic, cultural, and religious trends in Europe from the 5th to the 16th century, focusing upon the shaping of modern Europe. HIS2017 서양근세사 Modern History of Europe 유럽의 르네상스에서 시민혁명·산업혁명에 이르기까지의 시기를 개관한다. 이 시기는 거대한 격동의 시기로서 유럽의 경제, 사회 더 나아가서는 정치에 심대한 영향을 주었는데 그러한 영향들이 19세기 근대 시민사회 및 근대국민국가 확립과정에 어떻게 작용하였는가를 살펴본다. From the Renaissance to Absolute Monarchy; the shaping processes of modern Europe through socio-political economic and cultural developments as well as religious reform. HIS4030 서양현대사 Contemporary History of Europe 제2차대전 이후부터 냉전, 베트남전쟁, 68혁명, 반문화운동까지의 시기를 대상으로 한다. 초유의 이데올로기 대결이었던 냉전의 시발점은 어디에서 시작되었는지, 그 원인을 분석하고, 세대간의 세계관의 대결이었던 반문화 대항 문화의 발생과 그 영향의 살펴본다. A general survey of the evolution of European history from World War II to the Counter-Culture of Western Europe and America. Also this course aims to understand the rise and fall of the Cold War that sharpened conflicts between socialist Soviet Block and capitalist western countries and America. HIS4037 서양최근세사 Recently Modern History of Europe 산업혁명 이후부터 제2차 세계대전까지의 시기를 대상으로 한다. 민족주의 및 자본주의 발전에 수반하여 제국주의가 팽창하고 이에 따른 구미열강의 대립으로 야기된 제1차 세계대전까지의 역사적 전개를 살펴본다. 베르사이유 체제와 자본주의 모순을 통해서 발생한 대공황의 문제를 살펴보고 이후 다시 대전쟁으로 문제를 해결할 수밖에 없었던 역사적인 과정을 살펴본다. A general survey of the evolution of European history from the Industrial Revolution to World War Ⅰ with special attention to the rise of nationalism, capitalism, and imperialism that sharpened conflicts among the nations and finally comparative analysis of the European society since the Industrial Revolution. And a general survey of the evolution of European history from World War Ⅰ to World War Ⅱ with special attention to the rise of Russian socialism, the crises of capitalism, and the break of the Second World War, and finally comparative analysis of the European society since World War Ⅰ. The subjects of examination include revolutionary situations in post-war Europe, emergence of the great depression, fascism, World War Ⅱ, and their impacts on the present world. HIS4008 한국사강독 Readings of Korean History 한국사상의 주요 사서인 삼국사기, 삼국유사 및 고려사, 조선왕조실록 등에서 주요 테마별로 선정, 발췌하여 읽어감으로써 사료취급의 방법을 익힌다. By reading important parts of Sam-kook yu-sa, Sam-kook sa-ki and other dynastic histories, this course aims at familiarizing students with and teaching them proper handling of the primary source materials in Korean history. HIS4011 동양사강독 Reading of Asian History 중국사의 기본 사료와 중국의 사료 중에서 한·일 등의 주변국가에도 영향을 미쳤던 사건들을 선정하여 읽어감으로써 원사료에 접근하여 그 취급방법 및 분석방법을 익히도록 한다. This course involves students in reading selected parts of the source materials in classical Chinese and thus enabling them to approach the original sources on Chinese history. HIS2011 서양사강독 Readings of European History 서양의 사서를 선정하여 Reading Seminar 방식으로 진행하여 원서 해독능력과 사료 취급 방법을 터득하게 한다. Selective readings of the western language materials with emphasis on the training in doing independent research with western documents. HIS4017 한국사연습 Seminar on Korean History 한국사상의 중요한 문제점을 선정하여 학생 스스로 연구 발표케 하여 이에 대한 공동토론을 유도한다. This class will be conducted in a seminar format under the instructor’s supervision and control. Research and discussion focus on recent scholarship. HIS4018 동양사연습 Seminar on European History 동양문명의 여러 문제를 주제별로 분석 검토한다. 학생들의 주제발표를 유도함으로써 시대사 강의와 다른 Seminar 방식을 쓴다. 이는 이때까지 배운 지식을 이용하여 스스로 테마에 대한 접근과 분석을 시도한다는데 의의가 있다. Students are required to engage in independent research under the supervision and control of the instructor, and to present paper for open discussion and comment in the class. HIS4031 서양사연습 Seminar on European History 서양 문명의 여러 문제를 주제별로 분석 검토한다. 학생들의 주제발표를 유도함으로써 시대사 강의와 다른 세미나방식을 사용할 것이다. 이는 이때까지 배운 지식을 이용하여 스스로 테마에 대한 접근과 분석을 시도하는데 의의가 있다. This course aims to learn the historical insight, writing, presentation skill through working out student’s own labour. And so, Students are required to engage in independent research under the supervision and control of the Professor, and to present paper for open discussion and comment in the class. HIS4007 한국사상사 History of Korean Thoughts 삼국 이래의 주요 사상의 흐름을 한국사의 전체적인 흐름과 관련지어 이해하도록 한다. 특히 한국불교사상의 전개 및 유교사상의 전개를 중점적으로 살펴볼 것이다. An examination, interpretation, and evaluation of the major thinkers in korean history and their thoughts. HIS2009 한국문화사 History of Korean Culture 한국문화에 관한 여러 이론과 삼국 이래의 종교 및 사상, 문화유산 등을 한국사의 흐름 속에서 살펴보고 인접문화와의 비교를 통해 한국문화의 특성을 이해한다. This course analyzes how the histories of local communities are recorded and reconstructed. it uncovers how we should treat local history from a microhistorical perspective and how we should preserve local community historical data from the perspective of historical archiving. Based on these goals, the course aims to improve students' understanding of the history and culture of the community and Seek ways to share the identity of community members. HIS2010 동아시아 역사상의 소통과 고류 Asia history through understood and flow 동아시아에 형성된 역사와 전통 문화를 외교, 정치, 국방, 경제 등의 제도사적 분야에서 이해하고, 더 나아가 상업, 종족, 종교, 민족 등 문화적인 측면으로부터 동아시아의 소통과 교류 과정을 탐색한다. It understands the history which is formed in East Asia and a traditional culture from institutional private field of diplomacy, politics, national defense and economic back, compared to further commerce, the race, religion, it searches being understood and a flow process of East Asia from the racial back cultural side. HIS4023 동아시아 역사상의 중심과 주변 The Center and the Margin in the History of East Asia 동아시아의 역사에는 크고 작은 중심과 주변이 있었다. 중국은 동아시아 세계에서 중요한 축을 이루었고, 이와 대등하거나 상대적으로 작은 중심들도 있었다. 중심만이 중요한 것이 아니라 주변의 관점 역시 중요하다. 본 강좌는 이러한 관점에 서서 동아시아 역사를 조망할 것이다. In the process of the East Asian history, Imperial China always was the linchpin of the East Asian world. But there were also various other nations that possessed the same or less significance as did China in the region. This course aims to shake the conventional ‘center-oriented’ perspective and to understand history of East Asian countries from the pluralistic point of view. HIS4024 동양역사고전읽기 Classical Asian Literature and History 고전은 인간의 바탕을 알차고 풍부하게 만들어준다. 역사 고전 역시 마찬가지이다. 동양 역사에서 뛰어난 고전들을 선정하여 이에 대한 이해를 넓힌다. 여기에는 정통 사서 외에도 여행기나 문화 기록 등 다양한 내용들이 있다. 본 강좌는 동양 역사 고전 중 대표적인 몇몇 고전을 선별하여 학습하는 것을 목적으로 한다. Classic is what makes human beings more spiritually abundant and historical Classics have the same effect on people. Throughout the course, students will be given a chance to deeply appreciate carefully selected Asian classics and gain a profound understanding on them. There will be legitimate history books, travelogues, and cultural documents among the list of classics. HIS4010 동양사특강 Topics on Asian History 동양사상의 새로운 연구주제 및 몇 가지 주요 테마를 선정하여 이에 대한 접근방법, 분석방법 등을 논의하고 그 주제에 대한 종합적인 평가를 시도하여 본다. This course involves students in reading selected parts of the source materials in classical Chinese and thus enabling them to approach the original sources on Chinese history. HIS4036 미국사 American Expansion and Its Effect on the World 본 강좌의 목적은 미국 문화의 세계사적 충격을 19세기와 20세기를 중심으로 이해하는 것을 목적으로 한다. 동시대 어떤 국가와도 비교될 수 없는 세계 팽창을 힘을 보여준 미국 문화의 저력을 이해함과 함께 동시에 그러한 파격적인 충격으로 감당해야 할 수용국가들의 변화와 그 반응을 이해하는 것도 중요한 관심이 될 것이다. 이러한 강의를 통하여 결국 미국의 자유주의와 발전 중심주의적 이데올로기가 긍정적으로 개별 국가에 영향을 주었음을 인정하는 한편, 그러한 과정에서 개별 수용 국가들이 전통적인 질서와 진로에서 외부적인 이 놀라운 충격으로 감당할 수 없는 역기능을 낳게 되었음을 확인하는 공부 또한 이 강좌가 주목하는 점이다. This lecture course aims to understand why American cultural imperialism spreaded in the world radically in the nineteenth and twentieth century. Specially this lecture explains why American expansionism effected onto many different regions through very diversity ways in the world. From the 1890s to 1940, America's economic and cultural influence spread worldwide. And American industrial and cultural mechanism effected on the world markedly. This American expansion and exceptionalism is the system of beliefs, values, fears, prejudices which radically effected into the world drastically. In the free talking and seminar style course in the lecture, students understand American unique expansionism's good and side effects on the World civilization. HIS4038 미국외교사 American Diplomatic History 미국이 현대 세계 제국으로 등장하게 된 과정을 국제 관계학적인 차원에서 이해하고 분석하는 것을 목적으로 한다. This course aims to survey and understand the American diplomatic and international relationship HIS4040 태평양현대사 Survey of the Pacific Rim History 태평양 지역의 인문지리학의 역사를 거시사와 지구사적인 관점에서 이해하는 것을 목적으로 한다. This course aims to survey the Pacific Rim history through Big History. HIS4047 지역사와 역사 아카이빙 Local History and Archiving 지역 사회와 공동체의 역사가 어떻게 기록되고, 복원되는지에 대한 문제를 집중적으로 학습한다. 미시사의 관점에서 지역사는 어떻게 다루어야 하는지, 역사 아카이빙의 관점에서 지역사회의 역사자료는 어떨게 보존해야 하는지가 주된 관심사이다. 이를 통해 지역사회의 역사와 문화를 깊이 있게 이해하고, 공동체 구성원들의 정체성을 공유하는 방안을 모색한다. This course examines the development of various facrts of Korea religion, thought, and cultural heritage since the Korea Ancient Three States in the context of Korea history. Furthermore, it aims to comprehend the features of Korean culture in comparison with other region's cultures. HIS4045 역사정보데이터베이스(캡스톤 디자인) Digital History and Cultural Contents(Capstone Design) 역사정보를 바탕으로 학생들이 영상화와 스토리텔링을 결합한 콘텐츠 구성 및 제작하는 것을 목적으로 한다. This course encourages students to build history database and to process it for their use in a semantic web context. HIS4046 디지털역사문화콘텐츠(캡스톤 디자인) Digital History and Cultural Contents(Capstone Design) 역사정보를 바탕으로 학생들이 영상화와 스토리텔링을 결합한 콘텐츠 구성 및 제작하는 것을 목적으로 한다. This course aims to constitute digital history and to produce cultural contents. HIS4043 3D 타임머신 3D Time Machine 역사정보데이터베이스를 학습자 스스로 가공하여 구축하도록 하고 이를 직접 활용하여 2차 콘텐츠로 생산, 활용하는 연습을 한다. This course encourages students to build history database and to process it for theur use in a sematic web context. HIS4044 3D 동국여지승람 3D HGIS 역사지리정보시스템(HGIS)을 이해하고 문헌 자료를 공간으로 구현, 생산하는 방법을 익힌다 The purpose of this class is to understand the Historical Geographic Information System(HIGS) and learm how to implement and produce historical literature dadta into space. HIS4048 히스토리 오디올로지 History Audiology 본 과목은 역사 속에 등장하는 '음악'을 디지털 데이터로 재현하고, 해당 데이터를 활용하여 자신만의 음악을 작곡해보는 것을 목적으로 한다. 역사 속에서 악보와 같은 자료, 사료를 찾아서 데이터화하고, 소리의 재현을 위해 '오디오 데이터베이스'를 제작한다. 이를 바탕으로 자기의 언어로 음악을 표현하는 방법을 학습한다. The course aims to write music by reproducing digitally music of the past. After finding appropriate materials, such as sheet scores, students make audio databases to reproduce music. Based on them, they can make music in their own language. HIS4049 한국 불교와 역사 스토리텔링 Korean Buddhism and History Storytelling 한국 불교의 주요 인물과 유적·유물 등에 대해 학습하면서 불교적 요소가 두드러진 한국의 주요 역사 전승들에 대해 그 역사적 사실과 전승의 성립 배경, 유사한 전승들과의 비교, 현대적 수용 양태를 살펴보고 이를 토대로 해당 전승들을 보다 합리적이고 현대적 관점에서 쉽게 수용될 수 있는 새로운 스토리를 구성해본다. 금석문·고문석 등의 기롣을 토대로 널리 알려지지 않은 흥미로운 불교 전승들을 발굴한다. Studying significant figures of Korean Buddhism, remains, and relics, this course sheds light on the historical reality of folk legends, its foundation background, and aspects of modern acceptance. Based on them, students make new stories that can be easily accepted from more modern and rational views. Finally, the course also makes up new interesting stories with epigraphs and ancient documents.",,,,,,"HIS2027 역사학입문 Introduction to History 역사학의 학문으로서의 성격과 범위, 특성 등을 살펴보고, 접근방법을 소개함으로써 올바른 역사인식의 정립을 목적으로 한다. This class aims to establish the upright historical cognition by means of considerations on the scientific character, scope and peculiarity of history. It also introduces a goal of a historical science and the means of accessing it. HIS2028 역사자료의 이해와 활용 Applied history through Manuscripts 역사전공자로서 역사자료에 대한 이해와 활용을 익히도록 한다. This course aims to survey and understand the history documents and manuscripts, and apply them into the real, useful and practical items. HIS2003 한국고대사 Ancient History of Korea 한국의 선사시대로부터 통일신라시대까지의 역사를 정치, 경제 및 사회, 문화로 나누어 변천과정을 살피되, 민족의 형성과 대륙문화와의 교류에도 유의한다. An examination of korean history from the pre-historic period to the unification of the country by the Silla Dynasty with special attention to the formation of Korean People and cultural Exchanges between the korean Peninsula and Asian continent. HIS2005 한국중세사 Medieval of Korea 통일신라 말기의 역사적 상황을 소개하고 이에 계기되는 고려사회의 성립과정을 살핀다. 이러한 발전과정을 신분 및 토지제도 그리고 권력구조의 상호관계를 분석하여 고려시대사의 특성을 이해하도록 한다. Analyzing the decline of Silla Dynasty and the ascendancy of Goryeo Dynasty in terms of social mobility, land system, and political structure. HIS2013 한국근세사 Modern History of Korea 개항 후 식민지시대까지의 정치, 경제, 사회, 문화 및 대외관계의 발전을 고찰함으로써, 중세사회가 해테되고 근대사회가 성립되는 동시대 역사의 본질을 이해토록 한다. Modern History of Korea aims to help students to understand the periodical shift in the Korean modern times and its historical significance by studying the political, economic, social, cultural and diplomatic developments from the late 19th century to the early 20th century. HIS4035 한국현대사 Contemporary History of Korea 해방 이후 한국 사회의 정치, 경제, 사회, 문화 및 대외관계의 발전을 고찰함으로써 한국 현대사가 어떻게 성립되었으며 어떤 특징을 지니고 있는가를 이해한다. Contemporary History of Korea aims to help students to deepen their understandings on the contemporary history of Korea and its significance by studying the political, economic, social, cultural and diplomatic developments after 1945 liberation of Korea. HIS2004 동양고대사 Ancient History of Asia 동양문화의 원천을 형성하는 양대 지주인 중국과 인도의 사전기 및 고대사회의 성립과 그 발전을 개관하고, 세계사에서의 그 특성을 고찰하여 그것이 한국사에 미친 영향을 더불어 살펴본다. This course deals with Chinese and Indian histories in ancient times; it analyzes and compares the formative processes of the two distinctive societies of China and India, and their influences on Korea. HIS2006 동양중세사 Medieval of Asia 위진남북조 시대로부터 송대 이전까지 중국사에 외래적 요소가 혼입되는 시기를 연구한다. 특히 이민족의 한화와 불교문화의 중국화 과정에 중점을 두어 중국 중세사의 전체적인 흐름을 파악하게 한다. China’s internal development and foreign invasion from the period of Wei-Ching South and North Dynasty to Sung Dynasty, emphasizing adaptation and assimilation of the northern tribes into the mainstream of Chinese culture. HIS4002 동양근세사 Modern History of Asia 송대에서 청 중기까지 정치 , 경제 , 사회 및 문화를 개관하고 동양사에서의 근세라는 특징을 이해하도록 한다 . A survey of the major development in politics, socio-economy and culture from the Sung Dynasty to the mid-Ching period, focusing on the main trends leading to the modern China. HIS4005 동양최근세사 Contemporary History of Asia 아편전쟁 이후의 ‘서구세력의 동진’을 주로 다룬다. 이민족이었던 청조의 내부구조와 그 모순점의 규명 및 서구와 접촉하면서 내적 모순의 폭발과 근대화의 시련과정을 살핀다. interaction in China of Chinese and European people from the Opium War through the 20th century with special attention to the internal struggle over modernization and the Chinese response to the western impact. HIS2002 서양고대사 Ancient History of the West 서양문명의 뿌리라 할 수 있는 그리스 , 로마의 문명에 대해 개관한다. A survey of the ancient civilization of the West, from the Egyptian and Mesopotamian civilization to the classical civilization of Greece and Rome, placing emphasis on the political vicissitudes, cultural development, and religious traditions. HIS2007 서양중세사 Medieval History of the West 로마제국의 멸망에서부터 봉건사회의 성립과 붕괴를 개관한다. 중세 사회에서의 기독교의 역할과 변질에 유의하고, 중세사회의 특성과 근세에 이르는 계기성을 고찰한다. Political , socio-economic, cultural, and religious trends in Europe from the 5th to the 16th century, focusing upon the shaping of modern Europe. HIS2017 서양근세사 Modern History of Europe 유럽의 르네상스에서 시민혁명·산업혁명에 이르기까지의 시기를 개관한다. 이 시기는 거대한 격동의 시기로서 유럽의 경제, 사회 더 나아가서는 정치에 심대한 영향을 주었는데 그러한 영향들이 19세기 근대 시민사회 및 근대국민국가 확립과정에 어떻게 작용하였는가를 살펴본다. From the Renaissance to Absolute Monarchy; the shaping processes of modern Europe through socio-political economic and cultural developments as well as religious reform. HIS4030 서양현대사 Contemporary History of Europe 제2차대전 이후부터 냉전, 베트남전쟁, 68혁명, 반문화운동까지의 시기를 대상으로 한다. 초유의 이데올로기 대결이었던 냉전의 시발점은 어디에서 시작되었는지, 그 원인을 분석하고, 세대간의 세계관의 대결이었던 반문화 대항 문화의 발생과 그 영향의 살펴본다. A general survey of the evolution of European history from World War II to the Counter-Culture of Western Europe and America. Also this course aims to understand the rise and fall of the Cold War that sharpened conflicts between socialist Soviet Block and capitalist western countries and America. HIS4037 서양최근세사 Recently Modern History of Europe 산업혁명 이후부터 제2차 세계대전까지의 시기를 대상으로 한다. 민족주의 및 자본주의 발전에 수반하여 제국주의가 팽창하고 이에 따른 구미열강의 대립으로 야기된 제1차 세계대전까지의 역사적 전개를 살펴본다. 베르사이유 체제와 자본주의 모순을 통해서 발생한 대공황의 문제를 살펴보고 이후 다시 대전쟁으로 문제를 해결할 수밖에 없었던 역사적인 과정을 살펴본다. A general survey of the evolution of European history from the Industrial Revolution to World War Ⅰ with special attention to the rise of nationalism, capitalism, and imperialism that sharpened conflicts among the nations and finally comparative analysis of the European society since the Industrial Revolution. And a general survey of the evolution of European history from World War Ⅰ to World War Ⅱ with special attention to the rise of Russian socialism, the crises of capitalism, and the break of the Second World War, and finally comparative analysis of the European society since World War Ⅰ. The subjects of examination include revolutionary situations in post-war Europe, emergence of the great depression, fascism, World War Ⅱ, and their impacts on the present world. HIS4008 한국사강독 Readings of Korean History 한국사상의 주요 사서인 삼국사기, 삼국유사 및 고려사, 조선왕조실록 등에서 주요 테마별로 선정, 발췌하여 읽어감으로써 사료취급의 방법을 익힌다. By reading important parts of Sam-kook yu-sa, Sam-kook sa-ki and other dynastic histories, this course aims at familiarizing students with and teaching them proper handling of the primary source materials in Korean history. HIS4011 동양사강독 Reading of Asian History 중국사의 기본 사료와 중국의 사료 중에서 한·일 등의 주변국가에도 영향을 미쳤던 사건들을 선정하여 읽어감으로써 원사료에 접근하여 그 취급방법 및 분석방법을 익히도록 한다. This course involves students in reading selected parts of the source materials in classical Chinese and thus enabling them to approach the original sources on Chinese history. HIS2011 서양사강독 Readings of European History 서양의 사서를 선정하여 Reading Seminar 방식으로 진행하여 원서 해독능력과 사료 취급 방법을 터득하게 한다. Selective readings of the western language materials with emphasis on the training in doing independent research with western documents. HIS4017 한국사연습 Seminar on Korean History 한국사상의 중요한 문제점을 선정하여 학생 스스로 연구 발표케 하여 이에 대한 공동토론을 유도한다. This class will be conducted in a seminar format under the instructor’s supervision and control. Research and discussion focus on recent scholarship. HIS4018 동양사연습 Seminar on European History 동양문명의 여러 문제를 주제별로 분석 검토한다. 학생들의 주제발표를 유도함으로써 시대사 강의와 다른 Seminar 방식을 쓴다. 이는 이때까지 배운 지식을 이용하여 스스로 테마에 대한 접근과 분석을 시도한다는데 의의가 있다. Students are required to engage in independent research under the supervision and control of the instructor, and to present paper for open discussion and comment in the class. HIS4031 서양사연습 Seminar on European History 서양 문명의 여러 문제를 주제별로 분석 검토한다. 학생들의 주제발표를 유도함으로써 시대사 강의와 다른 세미나방식을 사용할 것이다. 이는 이때까지 배운 지식을 이용하여 스스로 테마에 대한 접근과 분석을 시도하는데 의의가 있다. This course aims to learn the historical insight, writing, presentation skill through working out student’s own labour. And so, Students are required to engage in independent research under the supervision and control of the Professor, and to present paper for open discussion and comment in the class. HIS4007 한국사상사 History of Korean Thoughts 삼국 이래의 주요 사상의 흐름을 한국사의 전체적인 흐름과 관련지어 이해하도록 한다. 특히 한국불교사상의 전개 및 유교사상의 전개를 중점적으로 살펴볼 것이다. An examination, interpretation, and evaluation of the major thinkers in korean history and their thoughts. HIS2009 한국문화사 History of Korean Culture 한국문화에 관한 여러 이론과 삼국 이래의 종교 및 사상, 문화유산 등을 한국사의 흐름 속에서 살펴보고 인접문화와의 비교를 통해 한국문화의 특성을 이해한다. This course analyzes how the histories of local communities are recorded and reconstructed. it uncovers how we should treat local history from a microhistorical perspective and how we should preserve local community historical data from the perspective of historical archiving. Based on these goals, the course aims to improve students' understanding of the history and culture of the community and Seek ways to share the identity of community members. HIS2010 동아시아 역사상의 소통과 고류 Asia history through understood and flow 동아시아에 형성된 역사와 전통 문화를 외교, 정치, 국방, 경제 등의 제도사적 분야에서 이해하고, 더 나아가 상업, 종족, 종교, 민족 등 문화적인 측면으로부터 동아시아의 소통과 교류 과정을 탐색한다. It understands the history which is formed in East Asia and a traditional culture from institutional private field of diplomacy, politics, national defense and economic back, compared to further commerce, the race, religion, it searches being understood and a flow process of East Asia from the racial back cultural side. HIS4023 동아시아 역사상의 중심과 주변 The Center and the Margin in the History of East Asia 동아시아의 역사에는 크고 작은 중심과 주변이 있었다. 중국은 동아시아 세계에서 중요한 축을 이루었고, 이와 대등하거나 상대적으로 작은 중심들도 있었다. 중심만이 중요한 것이 아니라 주변의 관점 역시 중요하다. 본 강좌는 이러한 관점에 서서 동아시아 역사를 조망할 것이다. In the process of the East Asian history, Imperial China always was the linchpin of the East Asian world. But there were also various other nations that possessed the same or less significance as did China in the region. This course aims to shake the conventional ‘center-oriented’ perspective and to understand history of East Asian countries from the pluralistic point of view. HIS4024 동양역사고전읽기 Classical Asian Literature and History 고전은 인간의 바탕을 알차고 풍부하게 만들어준다. 역사 고전 역시 마찬가지이다. 동양 역사에서 뛰어난 고전들을 선정하여 이에 대한 이해를 넓힌다. 여기에는 정통 사서 외에도 여행기나 문화 기록 등 다양한 내용들이 있다. 본 강좌는 동양 역사 고전 중 대표적인 몇몇 고전을 선별하여 학습하는 것을 목적으로 한다. Classic is what makes human beings more spiritually abundant and historical Classics have the same effect on people. Throughout the course, students will be given a chance to deeply appreciate carefully selected Asian classics and gain a profound understanding on them. There will be legitimate history books, travelogues, and cultural documents among the list of classics. HIS4010 동양사특강 Topics on Asian History 동양사상의 새로운 연구주제 및 몇 가지 주요 테마를 선정하여 이에 대한 접근방법, 분석방법 등을 논의하고 그 주제에 대한 종합적인 평가를 시도하여 본다. This course involves students in reading selected parts of the source materials in classical Chinese and thus enabling them to approach the original sources on Chinese history. HIS4036 미국사 American Expansion and Its Effect on the World 본 강좌의 목적은 미국 문화의 세계사적 충격을 19세기와 20세기를 중심으로 이해하는 것을 목적으로 한다. 동시대 어떤 국가와도 비교될 수 없는 세계 팽창을 힘을 보여준 미국 문화의 저력을 이해함과 함께 동시에 그러한 파격적인 충격으로 감당해야 할 수용국가들의 변화와 그 반응을 이해하는 것도 중요한 관심이 될 것이다. 이러한 강의를 통하여 결국 미국의 자유주의와 발전 중심주의적 이데올로기가 긍정적으로 개별 국가에 영향을 주었음을 인정하는 한편, 그러한 과정에서 개별 수용 국가들이 전통적인 질서와 진로에서 외부적인 이 놀라운 충격으로 감당할 수 없는 역기능을 낳게 되었음을 확인하는 공부 또한 이 강좌가 주목하는 점이다. This lecture course aims to understand why American cultural imperialism spreaded in the world radically in the nineteenth and twentieth century. Specially this lecture explains why American expansionism effected onto many different regions through very diversity ways in the world. From the 1890s to 1940, America's economic and cultural influence spread worldwide. And American industrial and cultural mechanism effected on the world markedly. This American expansion and exceptionalism is the system of beliefs, values, fears, prejudices which radically effected into the world drastically. In the free talking and seminar style course in the lecture, students understand American unique expansionism's good and side effects on the World civilization. HIS4038 미국외교사 American Diplomatic History 미국이 현대 세계 제국으로 등장하게 된 과정을 국제 관계학적인 차원에서 이해하고 분석하는 것을 목적으로 한다. This course aims to survey and understand the American diplomatic and international relationship HIS4040 태평양현대사 Survey of the Pacific Rim History 태평양 지역의 인문지리학의 역사를 거시사와 지구사적인 관점에서 이해하는 것을 목적으로 한다. This course aims to survey the Pacific Rim history through Big History. HIS4047 지역사와 역사 아카이빙 Local History and Archiving 지역 사회와 공동체의 역사가 어떻게 기록되고, 복원되는지에 대한 문제를 집중적으로 학습한다. 미시사의 관점에서 지역사는 어떻게 다루어야 하는지, 역사 아카이빙의 관점에서 지역사회의 역사자료는 어떨게 보존해야 하는지가 주된 관심사이다. 이를 통해 지역사회의 역사와 문화를 깊이 있게 이해하고, 공동체 구성원들의 정체성을 공유하는 방안을 모색한다. This course examines the development of various facrts of Korea religion, thought, and cultural heritage since the Korea Ancient Three States in the context of Korea history. Furthermore, it aims to comprehend the features of Korean culture in comparison with other region's cultures. HIS4045 역사정보데이터베이스(캡스톤 디자인) Digital History and Cultural Contents(Capstone Design) 역사정보를 바탕으로 학생들이 영상화와 스토리텔링을 결합한 콘텐츠 구성 및 제작하는 것을 목적으로 한다. This course encourages students to build history database and to process it for their use in a semantic web context. HIS4046 디지털역사문화콘텐츠(캡스톤 디자인) Digital History and Cultural Contents(Capstone Design) 역사정보를 바탕으로 학생들이 영상화와 스토리텔링을 결합한 콘텐츠 구성 및 제작하는 것을 목적으로 한다. This course aims to constitute digital history and to produce cultural contents. HIS4043 3D 타임머신 3D Time Machine 역사정보데이터베이스를 학습자 스스로 가공하여 구축하도록 하고 이를 직접 활용하여 2차 콘텐츠로 생산, 활용하는 연습을 한다. This course encourages students to build history database and to process it for theur use in a sematic web context. HIS4044 3D 동국여지승람 3D HGIS 역사지리정보시스템(HGIS)을 이해하고 문헌 자료를 공간으로 구현, 생산하는 방법을 익힌다 The purpose of this class is to understand the Historical Geographic Information System(HIGS) and learm how to implement and produce historical literature dadta into space. HIS4048 히스토리 오디올로지 History Audiology 본 과목은 역사 속에 등장하는 '음악'을 디지털 데이터로 재현하고, 해당 데이터를 활용하여 자신만의 음악을 작곡해보는 것을 목적으로 한다. 역사 속에서 악보와 같은 자료, 사료를 찾아서 데이터화하고, 소리의 재현을 위해 '오디오 데이터베이스'를 제작한다. 이를 바탕으로 자기의 언어로 음악을 표현하는 방법을 학습한다. The course aims to write music by reproducing digitally music of the past. After finding appropriate materials, such as sheet scores, students make audio databases to reproduce music. Based on them, they can make music in their own language. HIS4049 한국 불교와 역사 스토리텔링 Korean Buddhism and History Storytelling 한국 불교의 주요 인물과 유적·유물 등에 대해 학습하면서 불교적 요소가 두드러진 한국의 주요 역사 전승들에 대해 그 역사적 사실과 전승의 성립 배경, 유사한 전승들과의 비교, 현대적 수용 양태를 살펴보고 이를 토대로 해당 전승들을 보다 합리적이고 현대적 관점에서 쉽게 수용될 수 있는 새로운 스토리를 구성해본다. 금석문·고문석 등의 기롣을 토대로 널리 알려지지 않은 흥미로운 불교 전승들을 발굴한다. Studying significant figures of Korean Buddhism, remains, and relics, this course sheds light on the historical reality of folk legends, its foundation background, and aspects of modern acceptance. Based on them, students make new stories that can be easily accepted from more modern and rational views. Finally, the course also makes up new interesting stories with epigraphs and ancient documents."
문과대학,사학과,https://history.dongguk.edu,사학과 > 교과과정,https://history.dongguk.edu/page/97,curriculum_page,사학과 > 교과과정,section_text,,교과과정의 이해,교과과정의 이해,"사학과의 전공은 한국사, 동양사, 서양사의 세 분야로 나뉘어져 있다. 한국사, 동양사, 서양사의 체계적인 학습을 통해서 인류문화의 전반적인 발달과정과 그 가운데 한국의 위상과 역할의 인식 확대라는 교육 목표에 부합하기 위해 교과과정을 구성하였다. 1. 역사 발전 과정에 대한 체계적인 인식의 확대를 위해서는 무엇보다도 통사적인 시대사의 이해가 선행되어야 한다는 인식 아래 전공 교과과정을 편성하였다. 이에 학생들이 1, 2학년 과정에서는 세 전공 분야 모두 고대와 중세의 시대사 수업을 이수하도록 한다. 2. 역사의 통사적인 이해에 주력하는 한편, 역사학도로서 폭넓게 지녀야 할 문화 및 각 지역의 역사 등의 분야에 대한 안목을 배양하기 위한 강좌들을 개설해 학문지향의 전공 특성에 부합하는 인재 양성에 주력한다. 3. 앞의 두 과정을 거쳐 시대사에 대한 인식과 역사 연구의 쟁점들에 대한 이해를 심화한 이후, 학생 스스로가 선택한 주제를 발표하는 seminar(연습), 특강, 사학사 등의 강좌 이수를 통하여 학생들의 역사 인식을 최대한 심화시키는 방향으로 수업을 진행한다. 4. 위와 같은 과정을 거친 학생들은 역사상의 주요 사건, 인물 등을 중심으로 문제의식을 연마하여 하나의 주제를 선택, 졸업논문을 작성.제출하도록 한다.",,,,,,"사학과의 전공은 한국사, 동양사, 서양사의 세 분야로 나뉘어져 있다. 한국사, 동양사, 서양사의 체계적인 학습을 통해서 인류문화의 전반적인 발달과정과 그 가운데 한국의 위상과 역할의 인식 확대라는 교육 목표에 부합하기 위해 교과과정을 구성하였다. 1. 역사 발전 과정에 대한 체계적인 인식의 확대를 위해서는 무엇보다도 통사적인 시대사의 이해가 선행되어야 한다는 인식 아래 전공 교과과정을 편성하였다. 이에 학생들이 1, 2학년 과정에서는 세 전공 분야 모두 고대와 중세의 시대사 수업을 이수하도록 한다. 2. 역사의 통사적인 이해에 주력하는 한편, 역사학도로서 폭넓게 지녀야 할 문화 및 각 지역의 역사 등의 분야에 대한 안목을 배양하기 위한 강좌들을 개설해 학문지향의 전공 특성에 부합하는 인재 양성에 주력한다. 3. 앞의 두 과정을 거쳐 시대사에 대한 인식과 역사 연구의 쟁점들에 대한 이해를 심화한 이후, 학생 스스로가 선택한 주제를 발표하는 seminar(연습), 특강, 사학사 등의 강좌 이수를 통하여 학생들의 역사 인식을 최대한 심화시키는 방향으로 수업을 진행한다. 4. 위와 같은 과정을 거친 학생들은 역사상의 주요 사건, 인물 등을 중심으로 문제의식을 연마하여 하나의 주제를 선택, 졸업논문을 작성.제출하도록 한다."
문과대학,영어영문학부 영어문학전공,https://english.dongguk.edu,전공과목 개설 총괄표,https://english.dongguk.edu/page/58,curriculum_table,,crawl_error,,,,,,,,,,error: 'DataFrame' object has no attribute 'applymap'
문과대학,영어영문학부 영어통번역학전공,https://english.dongguk.edu,영어통번역학전공 전공과목,https://english.dongguk.edu/page/55,curriculum_page,,crawl_error,,,,,,,,,,error: 'DataFrame' object has no attribute 'applymap'
문과대학,일본학과,http://dj.dongguk.edu,교과과정 및 전공교과목,http://dj.dongguk.edu/page/75,curriculum_page,,crawl_error,,,,,,,,,,error: 'DataFrame' object has no attribute 'applymap'
문과대학,중어중문학과,https://china.dongguk.edu,전공과목 개설 총괄표,https://china.dongguk.edu/page/69,curriculum_table,,crawl_error,,,,,,,,,,error: 'DataFrame' object has no attribute 'applymap'
문과대학,철학과,https://sophia.dongguk.edu,학부 과정 > 교과목 현황,https://sophia.dongguk.edu/page/82,curriculum_page,,crawl_error,,,,,,,,,,error: 'DataFrame' object has no attribute 'applymap'
미래융합대학,글로벌무역학과,https://gt.dongguk.edu/index.do,교과과정,https://gt.dongguk.edu/ibuilder.do?per_menu_idx=50&menu_idx=55&tabCnt=3,curriculum_page,,crawl_error,,,,,,,,,,error: 'DataFrame' object has no attribute 'applymap'
미래융합대학,범죄학과,https://criminology.dongguk.edu/,교과과정표,https://criminology.dongguk.edu/page/3644,curriculum_page,,crawl_error,,,,,,,,,,error: 'DataFrame' object has no attribute 'applymap'
미래융합대학,사회복지상담학과,https://swc.dongguk.edu/index.do,교과과정,https://swc.dongguk.edu/ibuilder.do?per_menu_idx=37&menu_idx=42&tabCnt=3,curriculum_page,,crawl_error,,,,,,,,,,error: 'DataFrame' object has no attribute 'applymap'
바이오시스템대학,생명과학과,https://lifescience.dongguk.edu,교육과정 > 개설 교과목,https://lifescience.dongguk.edu/page/390,curriculum_page,,crawl_error,,,,,,,,,,error: 'DataFrame' object has no attribute 'applymap'
바이오시스템대학,식품바이오융합공학과,https://food.dongguk.edu,교육과정,https://food.dongguk.edu/page/463,curriculum_page,,crawl_error,,,,,,,,,,error: 'DataFrame' object has no attribute 'applymap'
바이오시스템대학,융합환경과학과,https://env.dongguk.edu,학부과정,https://env.dongguk.edu/page/380,curriculum_page,,crawl_error,,,,,,,,,,error: 'DataFrame' object has no attribute 'applymap'
불교대학,문화유산학과,https://ch.dongguk.edu,개설교과목,https://ch.dongguk.edu/page/1962,curriculum_table,,crawl_error,,,,,,,,,,error: 'DataFrame' object has no attribute 'applymap'
불교대학,불교학부/불교학과,https://bs.dongguk.edu,개설교과목 > 불교학부,https://bs.dongguk.edu/page/30488,curriculum_table,,crawl_error,,,,,,,,,,error: 'DataFrame' object has no attribute 'applymap'
사범대학,가정교육과,https://homeedu.dongguk.edu,교과과정 > 전공과목 개설 총괄표,https://homeedu.dongguk.edu/page/821,curriculum_table,,crawl_error,,,,,,,,,,error: 'DataFrame' object has no attribute 'applymap'
사범대학,교육학과,https://education.dongguk.edu,학부 > 교육과정,https://education.dongguk.edu/page/30467,curriculum_page,,crawl_error,,,,,,,,,,error: 'DataFrame' object has no attribute 'applymap'
사범대학,국어교육과,https://duce.dongguk.edu,학과소개 > 교과과정,https://duce.dongguk.edu/page/732,curriculum_page,학과소개 > 교과과정,section_text,,교육목표,교육목표,"국어교육과에서는 사고 및 학습 도구로서 언어의 중요성에 주목하여 화법 · 독서 · 작문 · 문법 · 문학을 학생들에게 가르치는 것은 물론, 국어를 통해 바람직한 가치 형성을 실현하는 교육자를 양성하는 것을 목표로 한다. 오늘날 국어교육에 대한 요구는 단지 언어 기능을 익히고 발달시키는 데 그치는 것이 아니라 새로운 시대 변화의 흐름을 선도하는 주요 동력이 되는 방향으로 변화하였다. 학문 간 융합과 창의 인재 양성이 교육의 화두로 떠오르면서, 언어 능력은 그 어느 때보다 도 융복합의 중추이자 사고의 도구로서 각광을 받게 되었다. 이에 대비하기 위한 국어교육의 목표는 다음과 같다. 1 건전한 인성과 창의성 함양을 위한 언어문화의 내면화 2 세계화 · 다문화 시대에 적응하기 위한 인식의 확장 3 학습자의 능력 · 적성 · 진로를 고려하는 내용 구성 및 자기 주도적 학습 능력의 신장 4 교육과정, 교수 학습, 평가의 일관성을 고려하는 실천 체제의 마련 5 교과 내외 통합을 위한 실제적 체계 확립 6 국어교육의 현장 실천을 든든히 지원할 수 있는 연구 수행",,,,,,"국어교육과에서는 사고 및 학습 도구로서 언어의 중요성에 주목하여 화법 · 독서 · 작문 · 문법 · 문학을 학생들에게 가르치는 것은 물론, 국어를 통해 바람직한 가치 형성을 실현하는 교육자를 양성하는 것을 목표로 한다. 오늘날 국어교육에 대한 요구는 단지 언어 기능을 익히고 발달시키는 데 그치는 것이 아니라 새로운 시대 변화의 흐름을 선도하는 주요 동력이 되는 방향으로 변화하였다. 학문 간 융합과 창의 인재 양성이 교육의 화두로 떠오르면서, 언어 능력은 그 어느 때보다 도 융복합의 중추이자 사고의 도구로서 각광을 받게 되었다. 이에 대비하기 위한 국어교육의 목표는 다음과 같다. 1 건전한 인성과 창의성 함양을 위한 언어문화의 내면화 2 세계화 · 다문화 시대에 적응하기 위한 인식의 확장 3 학습자의 능력 · 적성 · 진로를 고려하는 내용 구성 및 자기 주도적 학습 능력의 신장 4 교육과정, 교수 학습, 평가의 일관성을 고려하는 실천 체제의 마련 5 교과 내외 통합을 위한 실제적 체계 확립 6 국어교육의 현장 실천을 든든히 지원할 수 있는 연구 수행"
사범대학,국어교육과,https://duce.dongguk.edu,학과소개 > 교과과정,https://duce.dongguk.edu/page/732,curriculum_page,학과소개 > 교과과정,section_text,,졸업 후 진로,졸업 후 진로,"국어교육과에서 소정의 교육과정을 이수하면 중등학교 국어 교과를 담당할 수 있는 ‘중등학교 국어 2급 정교사’ 자격증을 취득하게 되며, 따라서 국공립 및 사립학교의 유능한 중등학교 국어교사의 직무를 수행할 수 있는 등 교육계의 중추적인 역할을 할 수 있다. 국어교육을 담당하는 교사로서 구비해야 할 심화된 교과지식을 습득하는 동시에 국어 교과교육 및 내용교육 전반에 걸친 학문적 성과를 바탕으로 대학원으로 진학하여 소정의 연구과정을 거치면서 유능 한 국어교육학 연구자로서 연구기관이나 대학 강단 등에서 교수나 학자로 활동할 수도 있다. 국어교육의 주요한 한 갈래인 문학 영역의 학습을 통해 풍부한 문학적 교양과 창작적 소양 및 작가적 기량을 연마하여 시, 소설, 희곡, 시나리오, 평론 등 다양한 장르에 걸친 전문 작가로서 문필활동을 할 수 도 있으며, 각종 대중매체의 리포터나 구성작가, 카피라이터 등 특정적인 언어기능을 발휘하는 전문인으로 활동할 수도 있다. 또한 국어교과와 관련한 지식을 구비함으로써 국어전문학원과 보습학원 등의 국어강사로 활동할 수 있으며, 각종 전문학습지의 교재 개발 과 편집자로 활동할 수도 있을 뿐 아니라 여러 사회교육센터 등에서 논술, 독서, 창작, 화술 등을 교육할 수 있는 전문 교육자가 될 수도 있다. 뿐만 아니라, 다양한 교육과정을 통해 학습되고 개발된 국어교육학 내지 국어국문학의 자질과 소양에 따라 신문 · 방송 · 출판매체의 기자 및 편집인 등 언론인으로 활동할 수도 있으며, 그 밖에도 복수전공 이수를 통해 외국어나 연극영상학 등의 전문적 지식과 기능을 구비하면 번역 및 통역, 연극영화의 연출 · 연기 등의 분야에도 진출할 수도 있다.",,,,,,"국어교육과에서 소정의 교육과정을 이수하면 중등학교 국어 교과를 담당할 수 있는 ‘중등학교 국어 2급 정교사’ 자격증을 취득하게 되며, 따라서 국공립 및 사립학교의 유능한 중등학교 국어교사의 직무를 수행할 수 있는 등 교육계의 중추적인 역할을 할 수 있다. 국어교육을 담당하는 교사로서 구비해야 할 심화된 교과지식을 습득하는 동시에 국어 교과교육 및 내용교육 전반에 걸친 학문적 성과를 바탕으로 대학원으로 진학하여 소정의 연구과정을 거치면서 유능 한 국어교육학 연구자로서 연구기관이나 대학 강단 등에서 교수나 학자로 활동할 수도 있다. 국어교육의 주요한 한 갈래인 문학 영역의 학습을 통해 풍부한 문학적 교양과 창작적 소양 및 작가적 기량을 연마하여 시, 소설, 희곡, 시나리오, 평론 등 다양한 장르에 걸친 전문 작가로서 문필활동을 할 수 도 있으며, 각종 대중매체의 리포터나 구성작가, 카피라이터 등 특정적인 언어기능을 발휘하는 전문인으로 활동할 수도 있다. 또한 국어교과와 관련한 지식을 구비함으로써 국어전문학원과 보습학원 등의 국어강사로 활동할 수 있으며, 각종 전문학습지의 교재 개발 과 편집자로 활동할 수도 있을 뿐 아니라 여러 사회교육센터 등에서 논술, 독서, 창작, 화술 등을 교육할 수 있는 전문 교육자가 될 수도 있다. 뿐만 아니라, 다양한 교육과정을 통해 학습되고 개발된 국어교육학 내지 국어국문학의 자질과 소양에 따라 신문 · 방송 · 출판매체의 기자 및 편집인 등 언론인으로 활동할 수도 있으며, 그 밖에도 복수전공 이수를 통해 외국어나 연극영상학 등의 전문적 지식과 기능을 구비하면 번역 및 통역, 연극영화의 연출 · 연기 등의 분야에도 진출할 수도 있다."
사범대학,국어교육과,https://duce.dongguk.edu,학과소개 > 교과과정,https://duce.dongguk.edu/page/732,curriculum_page,학과소개 > 교과과정,section_text,,최근 학문의 조류 및 전망,최근 학문의 조류 및 전망,"국어교육학의 학문적 영역은 크게 화법 · 독서 · 작문의 언어 기능 교육 및 국어과 교수법 영역, 국문학 및 문학교육 영역, 그리고 국어학 및 문법교육 영역으로 삼분할 수 있다. 그러므로 국어교육학은 수십 년 전과 달리 국어국문학의 하위 영역이 아니라 별도의 응용 학문의 지위로 인정받고 있으며, 학문적 흐름상으로는 인문학과 사회과학의 통합적 성격을 지닌다. 그러므로 오늘날 다양한 학문 간 통합의 요구가 부상하는 가운데, 국어교육학은 일찍이 통합의 기반을 닦았으며 이제는 그러한 통합의 안정기로 들어선 셈이다. 국어교육학의 독자성은 이 학문 분야가 단지 국어국문학+교육학의 물리적 결합이 아니라 자체적인 연구 주제들을 개발하고 인지심리학, 의사소통 이론 등의 학문 분야들과도 조우하면서 제3의 방향성을 확보한 화학적 결합에 해당한다는 점에서 인정받을 수 있다. 대표적인 사례로, 국어교육의 하위 영역 중 하나인 화법교육의 수많은 연구 성과들은 의사소통 이론과 화용론, 언어교육학의 접점에서 특히 학교 교육 현장을 대상으로 활발히 전개되어 왔으며, 작문교육의 연구 성과들은 인지심리학의 관점에서 작문의 인지적 과정을 탐구하거나 언어교육 관점에서 작문 교수법, 작문 평가들을 탐구하는 방식으로 이루어졌다. 한편, 문학교육 영역도 개별 작품론이나 문학 이론 자체에 대한 탐구에만 집중하기보다는 학교 현장에서 문학이 어떻게 소통되고 담론이 형성되는가에 더욱 초점을 둔다는 점에서 기존 순수 국어국문학 연구들과 차별화된다. 이에 따라 국어교육학의 연구방법론도 국어국문학 혹은 교육학의 연구방법론을 답습하기보다는, 인문학 관점을 바탕으로 하는 해석학적 접근부터 다양한 방식의 질적 연구와 양적 연구, 그리고 혼합연구방법론에 이르기까지 ‘국어교육’이라는 현상을 탐구하는 데 필요한 다양한 방식이 구현 되고 있다. 이렇듯 연구자들의 활발한 연구 수행이 누적됨에 따라, KCI에 등재된 국어교육학 관련 전문 학술지만도 수십 종에 이르며 이들 중 관련 분야 인용 지수가 최상위권을 기록하는 우수 학술지도 여럿 운영되고 있다. 신입생을 위한 학사제도 및 학업이수 가이드북 바로가기",,,,,,"국어교육학의 학문적 영역은 크게 화법 · 독서 · 작문의 언어 기능 교육 및 국어과 교수법 영역, 국문학 및 문학교육 영역, 그리고 국어학 및 문법교육 영역으로 삼분할 수 있다. 그러므로 국어교육학은 수십 년 전과 달리 국어국문학의 하위 영역이 아니라 별도의 응용 학문의 지위로 인정받고 있으며, 학문적 흐름상으로는 인문학과 사회과학의 통합적 성격을 지닌다. 그러므로 오늘날 다양한 학문 간 통합의 요구가 부상하는 가운데, 국어교육학은 일찍이 통합의 기반을 닦았으며 이제는 그러한 통합의 안정기로 들어선 셈이다. 국어교육학의 독자성은 이 학문 분야가 단지 국어국문학+교육학의 물리적 결합이 아니라 자체적인 연구 주제들을 개발하고 인지심리학, 의사소통 이론 등의 학문 분야들과도 조우하면서 제3의 방향성을 확보한 화학적 결합에 해당한다는 점에서 인정받을 수 있다. 대표적인 사례로, 국어교육의 하위 영역 중 하나인 화법교육의 수많은 연구 성과들은 의사소통 이론과 화용론, 언어교육학의 접점에서 특히 학교 교육 현장을 대상으로 활발히 전개되어 왔으며, 작문교육의 연구 성과들은 인지심리학의 관점에서 작문의 인지적 과정을 탐구하거나 언어교육 관점에서 작문 교수법, 작문 평가들을 탐구하는 방식으로 이루어졌다. 한편, 문학교육 영역도 개별 작품론이나 문학 이론 자체에 대한 탐구에만 집중하기보다는 학교 현장에서 문학이 어떻게 소통되고 담론이 형성되는가에 더욱 초점을 둔다는 점에서 기존 순수 국어국문학 연구들과 차별화된다. 이에 따라 국어교육학의 연구방법론도 국어국문학 혹은 교육학의 연구방법론을 답습하기보다는, 인문학 관점을 바탕으로 하는 해석학적 접근부터 다양한 방식의 질적 연구와 양적 연구, 그리고 혼합연구방법론에 이르기까지 ‘국어교육’이라는 현상을 탐구하는 데 필요한 다양한 방식이 구현 되고 있다. 이렇듯 연구자들의 활발한 연구 수행이 누적됨에 따라, KCI에 등재된 국어교육학 관련 전문 학술지만도 수십 종에 이르며 이들 중 관련 분야 인용 지수가 최상위권을 기록하는 우수 학술지도 여럿 운영되고 있다. 신입생을 위한 학사제도 및 학업이수 가이드북 바로가기"
사범대학,국어교육과,https://duce.dongguk.edu,학과소개 > 교과과정,https://duce.dongguk.edu/page/732,curriculum_page,학과소개 > 교과과정,section_text,,학과소개,학과소개,"동국대학교 국어교육과는 불교정신을 바탕으로 학술과 인격을 연마하고 민족과 인류사회 및 자연에 이르기까지 지혜와 자비를 충만케 하여 서로 신뢰하고 공경하는 이상 세계의 구현 이라는 건학이념과 교원 양성을 목적으로 하는 사범대학의 설립이념에 맞추어 1968년에 창립되었다. 50년에 가까운 기간 동안 2000여명의 졸업생을 배출하여 교육계에 커다란 기여를 하였으며, 현재 학계와 언론계, 광고 및 출판계와 행정 분야에서도 중요한 역할을 담당하고 있다. 현재 국어교육과에는 국어교육, 현대문학, 고전문학 분야에서 최고의 명성을 지닌 4명의 전임교수가 있고 그 아래 약 120명 정도의 학부생들이 공부하고 있다. 학생들은 저마다 전공공부에 매진하면서 학과 내에 구성된 여러 학회에 참여하여 자신이 원하는 과외활동을 하고 있다. 학과 안에는 ‘우리말 한사랑, 현대문학회, 고전문학회, 새벽’ 등의 학회가 활발하게 운영되고 있다. 매년 11월에는 국어교육과 학부생들과 일반대학원 선배들이 함께 연합 학술제를 열고 그 성과를 담은 『동국어문학』 학회지 발간하고 있으며, 학생들은 2학년 때는 학술답사, 4학년 때는 교생 실습을 통해서 이론과 현장 지식을 두루 쌓고 있다. 해마다 많은 졸업생들이 교원임용시험에 합격하여 교육계로 진출하고 있고, 다른 한편으로는 대학원에 진학하여 학위를 받고 대학교수의 길을 걷거나 언론, 방송, 출판계나 정부기관에 진출하여 활발한 사회 활동을 하고 있고, 문학 창작과 비평분야에서도 두각을 나타내고 있다.",,,,,,"동국대학교 국어교육과는 불교정신을 바탕으로 학술과 인격을 연마하고 민족과 인류사회 및 자연에 이르기까지 지혜와 자비를 충만케 하여 서로 신뢰하고 공경하는 이상 세계의 구현 이라는 건학이념과 교원 양성을 목적으로 하는 사범대학의 설립이념에 맞추어 1968년에 창립되었다. 50년에 가까운 기간 동안 2000여명의 졸업생을 배출하여 교육계에 커다란 기여를 하였으며, 현재 학계와 언론계, 광고 및 출판계와 행정 분야에서도 중요한 역할을 담당하고 있다. 현재 국어교육과에는 국어교육, 현대문학, 고전문학 분야에서 최고의 명성을 지닌 4명의 전임교수가 있고 그 아래 약 120명 정도의 학부생들이 공부하고 있다. 학생들은 저마다 전공공부에 매진하면서 학과 내에 구성된 여러 학회에 참여하여 자신이 원하는 과외활동을 하고 있다. 학과 안에는 ‘우리말 한사랑, 현대문학회, 고전문학회, 새벽’ 등의 학회가 활발하게 운영되고 있다. 매년 11월에는 국어교육과 학부생들과 일반대학원 선배들이 함께 연합 학술제를 열고 그 성과를 담은 『동국어문학』 학회지 발간하고 있으며, 학생들은 2학년 때는 학술답사, 4학년 때는 교생 실습을 통해서 이론과 현장 지식을 두루 쌓고 있다. 해마다 많은 졸업생들이 교원임용시험에 합격하여 교육계로 진출하고 있고, 다른 한편으로는 대학원에 진학하여 학위를 받고 대학교수의 길을 걷거나 언론, 방송, 출판계나 정부기관에 진출하여 활발한 사회 활동을 하고 있고, 문학 창작과 비평분야에서도 두각을 나타내고 있다."
사범대학,수학교육과,https://dume.dongguk.edu,수학교육과 교과 과정,https://dume.dongguk.edu/page/802,curriculum_page,,crawl_error,,,,,,,,,,error: 'DataFrame' object has no attribute 'applymap'
사범대학,역사교육과,https://historyedu.dongguk.edu,역사교육과 > 교과과정,https://historyedu.dongguk.edu/page/745,curriculum_page,,crawl_error,,,,,,,,,,error: 'DataFrame' object has no attribute 'applymap'
사회과학대학,경제학과,https://econ.dongguk.edu,교과과정 > 학부과정,https://econ.dongguk.edu/page/273,curriculum_page,,crawl_error,,,,,,,,,,error: 'DataFrame' object has no attribute 'applymap'
사회과학대학,국제통상학과,https://itrade.dongguk.edu,전공과목 개설 총괄표,https://itrade.dongguk.edu/page/287,curriculum_table,,crawl_error,,,,,,,,,,error: 'DataFrame' object has no attribute 'applymap'
사회과학대학,국제통상학전공,http://itrade.dongguk.edu/,전공과목 개설 총괄표,http://itrade.dongguk.edu/page/287,curriculum_table,,crawl_error,,,,,,,,,,error: 'DataFrame' object has no attribute 'applymap'
사회과학대학,북한학전공,https://nk.dongguk.edu,학부 교과목 > 전공과목 개설 총괄표,https://nk.dongguk.edu/page/265,curriculum_table,,crawl_error,,,,,,,,,,error: 'DataFrame' object has no attribute 'applymap'
사회과학대학,사회복지학과,https://welfare.dongguk.edu,학부 전공과목 개설 총괄표,https://welfare.dongguk.edu/page/884,curriculum_table,,crawl_error,,,,,,,,,,error: 'DataFrame' object has no attribute 'applymap'
사회과학대학,식품산업관리학과,https://foodindus.dongguk.edu/,학부 교과과정,https://foodindus.dongguk.edu/page/300,curriculum_page,,crawl_error,,,,,,,,,,error: 'DataFrame' object has no attribute 'applymap'
사회과학대학,행정학전공,https://pa.dongguk.edu,교과과정 > 전공과목 개설 총괄표,https://pa.dongguk.edu/page/250,curriculum_table,,crawl_error,,,,,,,,,,error: 'DataFrame' object has no attribute 'applymap'
열린전공학부,다전공,https://major.dongguk.edu/main,교육과정,https://www.dongguk.edu/page/137,curriculum_page,,crawl_error,,,,,,,,,,error: 'DataFrame' object has no attribute 'applymap'
열린전공학부,열린전공학부,https://open.dongguk.edu,학사제도 > 선이수교과,https://open.dongguk.edu/page/31512,curriculum_page,,crawl_error,,,,,,,,,,error: 'DataFrame' object has no attribute 'applymap'
예술대학,미술학부,https://aart.dongguk.edu,교과과정 > 전공과목 개설 총괄표,https://aart.dongguk.edu/page/834,curriculum_table,,crawl_error,,,,,,,,,,error: 'DataFrame' object has no attribute 'applymap'
예술대학,연극학부,http://theatre.dongguk.edu,교과과정,http://theatre.dongguk.edu/page/820,curriculum_page,교과과정,section_text,,공연 예술 산업분야의 전문 인력 양성,공연 예술 산업분야의 전문 인력 양성,"미디어, 영상, 광고, 연예오락 등 각종 산업과 연계된 공연예술의 다양한 분야의 전문 인력의 배출 역시 연극학부가 설정한 주요 목표의 하나이다. 특히 공연예술 창작에 관한 방법과 기술들을 공연적 고부가가치 산업에 창조적으로 적용시킬 수 있는 전문능력을 교육한다. 구체적으로 각종 정치 및 문화 이벤트, 오락 및 연예산업 분야 등의 기획 및 연출, 진행자로서의 전문인을 양성한다.",,,,,,"미디어, 영상, 광고, 연예오락 등 각종 산업과 연계된 공연예술의 다양한 분야의 전문 인력의 배출 역시 연극학부가 설정한 주요 목표의 하나이다. 특히 공연예술 창작에 관한 방법과 기술들을 공연적 고부가가치 산업에 창조적으로 적용시킬 수 있는 전문능력을 교육한다. 구체적으로 각종 정치 및 문화 이벤트, 오락 및 연예산업 분야 등의 기획 및 연출, 진행자로서의 전문인을 양성한다."
예술대학,연극학부,http://theatre.dongguk.edu,교과과정,http://theatre.dongguk.edu/page/820,curriculum_page,교과과정,section_text,,대학원 중심의 연극전문가 및 연극학자의 배출,대학원 중심의 연극전문가 및 연극학자의 배출,"기존의 일반 대학원 연극학부 및 영상대학원에 개설되어있는 실기전문대학원체제(공연예술학과)를 통해 한국 연극의 정체성을 확립할 수 있는 연극학자를 육성하며, 또한 보다 전문화되고 심화된 대학원 실기교육을 통한 고급 전문 공연예술인을 배출할 계획이다.",,,,,,"기존의 일반 대학원 연극학부 및 영상대학원에 개설되어있는 실기전문대학원체제(공연예술학과)를 통해 한국 연극의 정체성을 확립할 수 있는 연극학자를 육성하며, 또한 보다 전문화되고 심화된 대학원 실기교육을 통한 고급 전문 공연예술인을 배출할 계획이다."
예술대학,연극학부,http://theatre.dongguk.edu,교과과정,http://theatre.dongguk.edu/page/820,curriculum_page,교과과정,section_text,,전문 공연 예술가의 양성,전문 공연 예술가의 양성,"최근 공연 예술은 지금까지의 순수 연극 이외에도 대형 뮤지컬, 각종 이벤트 등 그 범주를 확장해가고 있다. 연극학부의 교육목표 중의 하나는 공연예술 창작 현장에서 요구되는 각종 무대예술가들-연출가, 디자이너, 무대감독, 공연기획 및 제작자, 작가를 배출하는데 있다. 이를 위해서 극문학에 대한 심층적 교육, 각종 연출의 개념설정과 현장 방법론, 무대 디자인과 각종 극장 기술들을 제작실습을 중심으로 상호 연계적 교육을 실시해 공연 창작에 필수적인 각 분야의 전문 무대 예술인들을 배출한다.",,,,,,"최근 공연 예술은 지금까지의 순수 연극 이외에도 대형 뮤지컬, 각종 이벤트 등 그 범주를 확장해가고 있다. 연극학부의 교육목표 중의 하나는 공연예술 창작 현장에서 요구되는 각종 무대예술가들-연출가, 디자이너, 무대감독, 공연기획 및 제작자, 작가를 배출하는데 있다. 이를 위해서 극문학에 대한 심층적 교육, 각종 연출의 개념설정과 현장 방법론, 무대 디자인과 각종 극장 기술들을 제작실습을 중심으로 상호 연계적 교육을 실시해 공연 창작에 필수적인 각 분야의 전문 무대 예술인들을 배출한다."
예술대학,연극학부,http://theatre.dongguk.edu,교과과정,http://theatre.dongguk.edu/page/820,curriculum_page,교과과정,section_text,,전문 직업 배우의 양성,전문 직업 배우의 양성,"배우 예술은 연극 및 뮤지컬을 포함한 공연예술 창작의 핵심 분야일 뿐 아니라 영화 및 TV드라마 산업의 근간을 이룬다. 연극학부는 무엇보다 이러한 연기 예술 분야를 특성화하여 전문적인 연기자들을 집중적으로 양성하고자 한다. 이를 위해 연기를 위한 음성, 신체 등 각종 기초훈련 및 성악과 무용 실기를 통한 기초 역량의 연마, 희곡의 분석과 해석에 기초한 인물 구축과 역 창조, 제작 실습을 통한 현장경험, TV, 영화, 광고 등의 영상연기를 위한 매체 적응의 기술, 연극사 및 비평이론을 통한 배경적 지식의 습득 등 연기예술에 관련된 모든 분야의 교육을 통해 유능한 자질과 능력을 갖춘 최고의 전천후 다매체 연기자를 배출한다.",,,,,,"배우 예술은 연극 및 뮤지컬을 포함한 공연예술 창작의 핵심 분야일 뿐 아니라 영화 및 TV드라마 산업의 근간을 이룬다. 연극학부는 무엇보다 이러한 연기 예술 분야를 특성화하여 전문적인 연기자들을 집중적으로 양성하고자 한다. 이를 위해 연기를 위한 음성, 신체 등 각종 기초훈련 및 성악과 무용 실기를 통한 기초 역량의 연마, 희곡의 분석과 해석에 기초한 인물 구축과 역 창조, 제작 실습을 통한 현장경험, TV, 영화, 광고 등의 영상연기를 위한 매체 적응의 기술, 연극사 및 비평이론을 통한 배경적 지식의 습득 등 연기예술에 관련된 모든 분야의 교육을 통해 유능한 자질과 능력을 갖춘 최고의 전천후 다매체 연기자를 배출한다."
예술대학,영화영상학과,https://movie.dongguk.edu,교과과정 소개,https://movie.dongguk.edu/movie1_1_2,curriculum_page,,crawl_error,,,,,,,,,,error: 'DataFrame' object has no attribute 'applymap'
이과대학,물리 · 반도체과학부,http://physics.dongguk.edu,전공과목 개설표,http://physics.dongguk.edu/page/3225,curriculum_table,,crawl_error,,,,,,,,,,error: 'DataFrame' object has no attribute 'applymap'
이과대학,물리반도체과학부,https://physemi.dongguk.edu,전공과목 개설총괄표,https://physemi.dongguk.edu/page/189,curriculum_table,,crawl_error,,,,,,,,,,error: 'DataFrame' object has no attribute 'applymap'
이과대학,수학과,https://math.dongguk.edu,학부과정 > 교과목의분류,https://math.dongguk.edu/page/202,curriculum_page,,crawl_error,,,,,,,,,,error: 'DataFrame' object has no attribute 'applymap'
이과대학,통계학과,https://stat.dongguk.edu,교과과정 > 학부과정,https://stat.dongguk.edu/page/176,curriculum_page,,crawl_error,,,,,,,,,,error: 'DataFrame' object has no attribute 'applymap'
첨단융합대학,시스템반도체학부,https://semicon.dongguk.edu,전공과목 개설총괄표,https://semicon.dongguk.edu/page/3125,curriculum_table,,crawl_error,,,,,,,,,,error: 'DataFrame' object has no attribute 'applymap'
첨단융합대학,의료인공지능공학과,https://medai.dongguk.edu,전공과목 개설총괄표,https://medai.dongguk.edu/page/3345,curriculum_table,,crawl_error,,,,,,,,,,error: 'DataFrame' object has no attribute 'applymap'
첨단융합대학,지능형네트워크융합학과,https://dinc.dongguk.edu,첨단융합대학 공통/전공교육과정 참조,https://ai.dongguk.edu/page/32267,curriculum_page,,crawl_error,,,,,,,,,,error: 'DataFrame' object has no attribute 'applymap'
